clearspending_url,regnum,sign_date,product_description,okpd2,okpd2_name,okpd,okpd_name,okdp,okdp_name,single_price,okei,product_sum,quantity,customer_name,customer_inn,customer_kpp,1st_supp_name,1st_supp_inn,1st_supp_kpp,num_suppliers,contract_price,currency,region_name,contract_stage,fz
https://clearspending.ru/contract/2773468684418000008,2773468684418000008,2018-01-30T00:00:00,Услуги по юридическим консультациям и представительству в судебных процедурах в связи с трудовым правом,69.10.13.000,Услуги по юридическим консультациям и представительству в судебных процедурах в связи с трудовым правом,-,-,-,-,1000.0,усл. ед,1000.0,1.0,"ГОСУДАРСТВЕННОЕ БЮДЖЕТНОЕ ОБЩЕОБРАЗОВАТЕЛЬНОЕ УЧРЕЖДЕНИЕ ГОРОДА МОСКВЫ ""ШКОЛА № 138""",7734686844,773401001,"ПАО ""МОЭСК""",5036065113,997450001,1,1000.0,Российский рубль,Москва,Исполнение,44
https://clearspending.ru/contract/2770605585418000086,2770605585418000086,2018-01-30T00:00:00,Услуги по инженерно-техническому проектированию прочих объектов,71.12.19.000,Услуги по инженерно-техническому проектированию прочих объектов,-,-,-,-,1000.0,шт,1000.0,1.0,ГОСУДАРСТВЕННОЕ БЮДЖЕТНОЕ УЧРЕЖДЕНИЕ ЗДРАВООХРАНЕНИЯ ГОРОДА МОСКВЫ ГОРОДСКАЯ КЛИНИЧЕСКАЯ БОЛЬНИЦА № 1 ИМ. Н.И.ПИРОГОВА ДЕПАРТАМЕНТА ЗДРАВООХРАНЕНИЯ ГОРОДА МОСКВЫ,7706055854,770601001,"ПАО ""МОЭСК""",5036065113,997450001,1,1000.0,Российский рубль,Москва,Исполнение,44
https://clearspending.ru/contract/2770605585418000087,2770605585418000087,2018-01-30T00:00:00,Услуги по инженерно-техническому проектированию прочих объектов,71.12.19.000,Услуги по инженерно-техническому проектированию прочих объектов,-,-,-,-,1000.0,шт,1000.0,1.0,ГОСУДАРСТВЕННОЕ БЮДЖЕТНОЕ УЧРЕЖДЕНИЕ ЗДРАВООХРАНЕНИЯ ГОРОДА МОСКВЫ ГОРОДСКАЯ КЛИНИЧЕСКАЯ БОЛЬНИЦА № 1 ИМ. Н.И.ПИРОГОВА ДЕПАРТАМЕНТА ЗДРАВООХРАНЕНИЯ ГОРОДА МОСКВЫ,7706055854,770601001,"ПАО ""МОЭСК""",5036065113,997450001,1,1000.0,Российский рубль,Москва,Исполнение,44
https://clearspending.ru/contract/2773468684418000001,2773468684418000001,2018-01-30T00:00:00,Услуги по юридическим консультациям и представительству в судебных процедурах в связи с трудовым правом,69.10.13.000,Услуги по юридическим консультациям и представительству в судебных процедурах в связи с трудовым правом,-,-,-,-,1000.0,усл. ед,1000.0,1.0,"ГОСУДАРСТВЕННОЕ БЮДЖЕТНОЕ ОБЩЕОБРАЗОВАТЕЛЬНОЕ УЧРЕЖДЕНИЕ ГОРОДА МОСКВЫ ""ШКОЛА № 138""",7734686844,773401001,"ПАО ""МОЭСК""",5036065113,997450001,1,1000.0,Российский рубль,Москва,Исполнение,44
https://clearspending.ru/contract/2773468684418000010,2773468684418000010,2018-01-31T00:00:00,Услуги по юридическим консультациям и представительству в судебных процедурах в связи с трудовым правом,69.10.13.000,Услуги по юридическим консультациям и представительству в судебных процедурах в связи с трудовым правом,-,-,-,-,1000.0,усл. ед,1000.0,1.0,"ГОСУДАРСТВЕННОЕ БЮДЖЕТНОЕ ОБЩЕОБРАЗОВАТЕЛЬНОЕ УЧРЕЖДЕНИЕ ГОРОДА МОСКВЫ ""ШКОЛА № 138""",7734686844,773401001,"ПАО ""МОЭСК""",5036065113,997450001,1,1000.0,Российский рубль,Москва,Исполнение,44
https://clearspending.ru/contract/2773468684418000009,2773468684418000009,2018-01-30T00:00:00,Услуги по юридическим консультациям и представительству в судебных процедурах в связи с трудовым правом,69.10.13.000,Услуги по юридическим консультациям и представительству в судебных процедурах в связи с трудовым правом,-,-,-,-,1000.0,усл. ед,1000.0,1.0,"ГОСУДАРСТВЕННОЕ БЮДЖЕТНОЕ ОБЩЕОБРАЗОВАТЕЛЬНОЕ УЧРЕЖДЕНИЕ ГОРОДА МОСКВЫ ""ШКОЛА № 138""",7734686844,773401001,"ПАО ""МОЭСК""",5036065113,997450001,1,1000.0,Российский рубль,Москва,Исполнение,44
https://clearspending.ru/contract/2773468684418000006,2773468684418000006,2018-01-30T00:00:00,Услуги по юридическим консультациям и представительству в судебных процедурах в связи с трудовым правом,69.10.13.000,Услуги по юридическим консультациям и представительству в судебных процедурах в связи с трудовым правом,-,-,-,-,1000.0,усл. ед,1000.0,1.0,"ГОСУДАРСТВЕННОЕ БЮДЖЕТНОЕ ОБЩЕОБРАЗОВАТЕЛЬНОЕ УЧРЕЖДЕНИЕ ГОРОДА МОСКВЫ ""ШКОЛА № 138""",7734686844,773401001,"ПАО ""МОЭСК""",5036065113,997450001,1,1000.0,Российский рубль,Москва,Исполнение,44
https://clearspending.ru/contract/2773468684418000007,2773468684418000007,2018-01-30T00:00:00,Услуги по юридическим консультациям и представительству в судебных процедурах в связи с трудовым правом,69.10.13.000,Услуги по юридическим консультациям и представительству в судебных процедурах в связи с трудовым правом,-,-,-,-,1000.0,усл. ед,1000.0,1.0,"ГОСУДАРСТВЕННОЕ БЮДЖЕТНОЕ ОБЩЕОБРАЗОВАТЕЛЬНОЕ УЧРЕЖДЕНИЕ ГОРОДА МОСКВЫ ""ШКОЛА № 138""",7734686844,773401001,"ПАО ""МОЭСК""",5036065113,997450001,1,1000.0,Российский рубль,Москва,Исполнение,44
https://clearspending.ru/contract/2773468684418000005,2773468684418000005,2018-01-30T00:00:00,Услуги по юридическим консультациям и представительству в судебных процедурах в связи с трудовым правом,69.10.13.000,Услуги по юридическим консультациям и представительству в судебных процедурах в связи с трудовым правом,-,-,-,-,1000.0,усл. ед,1000.0,1.0,"ГОСУДАРСТВЕННОЕ БЮДЖЕТНОЕ ОБЩЕОБРАЗОВАТЕЛЬНОЕ УЧРЕЖДЕНИЕ ГОРОДА МОСКВЫ ""ШКОЛА № 138""",7734686844,773401001,"ПАО ""МОЭСК""",5036065113,997450001,1,1000.0,Российский рубль,Москва,Исполнение,44
https://clearspending.ru/contract/2773468684418000002,2773468684418000002,2018-01-30T00:00:00,Услуги по юридическим консультациям и представительству в судебных процедурах в связи с трудовым правом,69.10.13.000,Услуги по юридическим консультациям и представительству в судебных процедурах в связи с трудовым правом,-,-,-,-,1000.0,усл. ед,1000.0,1.0,"ГОСУДАРСТВЕННОЕ БЮДЖЕТНОЕ ОБЩЕОБРАЗОВАТЕЛЬНОЕ УЧРЕЖДЕНИЕ ГОРОДА МОСКВЫ ""ШКОЛА № 138""",7734686844,773401001,"ПАО ""МОЭСК""",5036065113,997450001,1,1000.0,Российский рубль,Москва,Исполнение,44
https://clearspending.ru/contract/2773468684418000003,2773468684418000003,2018-01-30T00:00:00,Услуги по юридическим консультациям и представительству в судебных процедурах в связи с трудовым правом,69.10.13.000,Услуги по юридическим консультациям и представительству в судебных процедурах в связи с трудовым правом,-,-,-,-,1000.0,усл. ед,1000.0,1.0,"ГОСУДАРСТВЕННОЕ БЮДЖЕТНОЕ ОБЩЕОБРАЗОВАТЕЛЬНОЕ УЧРЕЖДЕНИЕ ГОРОДА МОСКВЫ ""ШКОЛА № 138""",7734686844,773401001,"ПАО ""МОЭСК""",5036065113,997450001,1,1000.0,Российский рубль,Москва,Исполнение,44
https://clearspending.ru/contract/2773468684418000004,2773468684418000004,2018-01-30T00:00:00,Услуги по юридическим консультациям и представительству в судебных процедурах в связи с трудовым правом,69.10.13.000,Услуги по юридическим консультациям и представительству в судебных процедурах в связи с трудовым правом,-,-,-,-,1000.0,усл. ед,1000.0,1.0,"ГОСУДАРСТВЕННОЕ БЮДЖЕТНОЕ ОБЩЕОБРАЗОВАТЕЛЬНОЕ УЧРЕЖДЕНИЕ ГОРОДА МОСКВЫ ""ШКОЛА № 138""",7734686844,773401001,"ПАО ""МОЭСК""",5036065113,997450001,1,1000.0,Российский рубль,Москва,Исполнение,44
https://clearspending.ru/contract/2773468684418000012,2773468684418000012,2018-02-14T00:00:00,Услуги по юридическим консультациям и представительству в судебных процедурах в связи с трудовым правом,69.10.13.000,Услуги по юридическим консультациям и представительству в судебных процедурах в связи с трудовым правом,-,-,-,-,1000.0,усл. ед,1000.0,1.0,"ГОСУДАРСТВЕННОЕ БЮДЖЕТНОЕ ОБЩЕОБРАЗОВАТЕЛЬНОЕ УЧРЕЖДЕНИЕ ГОРОДА МОСКВЫ ""ШКОЛА № 138""",7734686844,773401001,"ПАО ""МОЭСК""",5036065113,997450001,1,1000.0,Российский рубль,Москва,Исполнение,44
https://clearspending.ru/contract/2770382259018000014,2770382259018000014,2018-02-12T00:00:00,Услуги по юридическим консультациям и представительству в судебных процедурах в связи с трудовым правом,69.10.13.000,Услуги по юридическим консультациям и представительству в судебных процедурах в связи с трудовым правом,-,-,-,-,1000.0,усл. ед,1000.0,1.0,"ГОСУДАРСТВЕННОЕ БЮДЖЕТНОЕ УЧРЕЖДЕНИЕ ГОРОДА МОСКВЫ ""МНОГОФУНКЦИОНАЛЬНЫЙ МИГРАЦИОННЫЙ ЦЕНТР""",7703822590,770301001,"ПАО ""МОЭСК""",5036065113,997450001,1,1000.0,Российский рубль,Москва,Исполнение,44
https://clearspending.ru/contract/2772430655718000006,2772430655718000006,2018-02-22T00:00:00,Костюмы мужские производственные и профессиональные,14.12.11.120,Костюмы мужские производственные и профессиональные,-,-,-,-,496.65,компл,496.65,1.0,"ГОСУДАРСТВЕННОЕ БЮДЖЕТНОЕ ОБЩЕОБРАЗОВАТЕЛЬНОЕ УЧРЕЖДЕНИЕ ГОРОДА МОСКВЫ ""ШКОЛА № 1828 ""САБУРОВО""",7724306557,772401001,"ООО ""БАЗИС СПЕЦОДЕЖДА""",3711034348,371101001,1,993.3,Российский рубль,Москва,Исполнение,44
https://clearspending.ru/contract/2772430655718000006,2772430655718000006,2018-02-22T00:00:00,Костюмы мужские производственные и профессиональные,14.12.11.120,Костюмы мужские производственные и профессиональные,-,-,-,-,496.65,компл,496.65,1.0,"ГОСУДАРСТВЕННОЕ БЮДЖЕТНОЕ ОБЩЕОБРАЗОВАТЕЛЬНОЕ УЧРЕЖДЕНИЕ ГОРОДА МОСКВЫ ""ШКОЛА № 1828 ""САБУРОВО""",7724306557,772401001,"ООО ""БАЗИС СПЕЦОДЕЖДА""",3711034348,371101001,1,993.3,Российский рубль,Москва,Исполнение,44
https://clearspending.ru/contract/2773211105418000007,2773211105418000007,2018-02-23T00:00:00,Одежда прочая трикотажная или вязаная,14.19.12.190,Одежда прочая трикотажная или вязаная,-,-,-,-,496.65,компл,993.3,2.0,"ГОСУДАРСТВЕННОЕ БЮДЖЕТНОЕ ОБЩЕОБРАЗОВАТЕЛЬНОЕ УЧРЕЖДЕНИЕ ГОРОДА МОСКВЫ ""ШКОЛА № 41 ИМЕНИ ГРИГОРИЯ АЛЕКСЕЕВИЧА ТАРАНА""",7732111054,772901001,"ООО ""БАЗИС СПЕЦОДЕЖДА""",3711034348,371101001,1,993.3,Российский рубль,Москва,Исполнение,44
https://clearspending.ru/contract/2772525920418000006,2772525920418000006,2018-02-07T00:00:00,Посуда столовая и кухонная из прочего стекла,23.13.13.112,Посуда столовая и кухонная из прочего стекла,-,-,-,-,99.12,шт,991.2,10.0,"ГОСУДАРСТВЕННОЕ БЮДЖЕТНОЕ ОБЩЕОБРАЗОВАТЕЛЬНОЕ УЧРЕЖДЕНИЕ ГОРОДА МОСКВЫ ""ШКОЛА № 463 ИМЕНИ ГЕРОЯ СОВЕТСКОГО СОЮЗА Д.Н. МЕДВЕДЕВА""",7725259204,772501001,ИП Строкова Татьяна Александровна,504000374871,-,1,991.2,Российский рубль,Москва,Исполнение,44
https://clearspending.ru/contract/2774308572018000017,2774308572018000017,2018-02-11T00:00:00,Услуги по транспортированию горячей воды,35.30.12.130,Услуги по транспортированию горячей воды,-,-,-,-,972.94,м[3*],972.94,1.0,"ГОСУДАРСТВЕННОЕ БЮДЖЕТНОЕ ПРОФЕССИОНАЛЬНОЕ ОБРАЗОВАТЕЛЬНОЕ УЧРЕЖДЕНИЕ ГОРОДА МОСКВЫ ""КОЛЛЕДЖ АРХИТЕКТУРЫ И СТРОИТЕЛЬСТВА № 7""",7743085720,774301001,"МУП ""НОВОСМОЛИНСКОЕ""",5214010679,521401001,1,972.94,Российский рубль,Москва,Исполнение,44
https://clearspending.ru/contract/2770417731018000029,2770417731018000029,2018-02-19T00:00:00,Услуги по транспортированию и распределению воды по водопроводам,36.00.20.130,Услуги по транспортированию и распределению воды по водопроводам,-,-,-,-,960.84,м[3*],960.84,1.0,"КАЗЕННОЕ ПРЕДПРИЯТИЕ ГОРОДА МОСКВЫ ""ВЫСТАВКА ДОСТИЖЕНИЙ НАРОДНОГО ХОЗЯЙСТВА""",7704177310,771701001,"АО ""МОСВОДОКАНАЛ""",7701984274,774850001,1,960.84,Российский рубль,Москва,Исполнение,44
https://clearspending.ru/contract/2770417731018000030,2770417731018000030,2018-02-19T00:00:00,Услуги по водоотведению сточных вод,37.00.11.110,Услуги по водоотведению сточных вод,-,-,-,-,960.84,м[3*],960.84,1.0,"КАЗЕННОЕ ПРЕДПРИЯТИЕ ГОРОДА МОСКВЫ ""ВЫСТАВКА ДОСТИЖЕНИЙ НАРОДНОГО ХОЗЯЙСТВА""",7704177310,771701001,"АО ""МОСВОДОКАНАЛ""",7701984274,774850001,1,960.84,Российский рубль,Москва,Исполнение,44
https://clearspending.ru/contract/2770203815018000152,2770203815018000152,2018-01-31T00:00:00,Услуги по подключению (технологическому присоединению) к централизованной системе водоснабжения,36.00.20.160,Услуги по подключению (технологическому присоединению) к централизованной системе водоснабжения,-,-,-,-,923.72,усл. ед,923.72,1.0,"ГОСУДАРСТВЕННОЕ УНИТАРНОЕ ПРЕДПРИЯТИЕ ГОРОДА МОСКВЫ ""МОСКОВСКИЙ ОРДЕНА ЛЕНИНА И ОРДЕНА ТРУДОВОГО КРАСНОГО ЗНАМЕНИ МЕТРОПОЛИТЕН ИМЕНИ В.И.ЛЕНИНА""",7702038150,770201001,"АО ""МОСВОДОКАНАЛ""",7701984274,774850001,1,923.72,Российский рубль,Москва,Исполнение,44
https://clearspending.ru/contract/1770215192718000026,1770215192718000026,2018-02-21T00:00:00,Вода питьевая,36.00.11.000,Вода питьевая,-,-,-,-,878.08,усл. ед,878.08,1.0,ПРОКУРАТУРА МОСКОВСКОЙ ОБЛАСТИ,7702151927,770201001,"МУНИЦИПАЛЬНОЕ ПРЕДПРИЯТИЕ ""ЛОТОШИНСКОЕ ЖИЛИЩНО-КОММУНАЛЬНОЕ ХОЗЯЙСТВО""",5071005886,507101001,1,878.08,Российский рубль,Москва,Исполнение,44
https://clearspending.ru/contract/1770540134018001456,1770540134018001456,2018-02-02T00:00:00,"Оказание коммунальных услуг для нужд филиала ФГБУ ""ФКП Росреестра"" по Мурманской области",36.00.20.110,Услуги по очистке и подготовке воды для водоснабжения,-,-,-,-,840.96,усл. ед,840.96,1.0,"ФЕДЕРАЛЬНОЕ ГОСУДАРСТВЕННОЕ БЮДЖЕТНОЕ УЧРЕЖДЕНИЕ ""ФЕДЕРАЛЬНАЯ КАДАСТРОВАЯ ПАЛАТА ФЕДЕРАЛЬНОЙ СЛУЖБЫ ГОСУДАРСТВЕННОЙ РЕГИСТРАЦИИ, КАДАСТРА И КАРТОГРАФИИ""",7705401340,770801001,"ГОСУДАРСТВЕННОЕ ОБЛАСТНОЕ УНИТАРНОЕ ПРЕДПРИЯТИЕ ""ОЛЕНЕГОРСКВОДОКАНАЛ""",5108100031,510801001,1,840.96,Российский рубль,Москва,Исполнение,44
https://clearspending.ru/contract/1770540134018001478,1770540134018001478,2018-01-31T00:00:00,Услуги по транспортированию и распределению воды по водопроводам,36.00.20.130,Услуги по транспортированию и распределению воды по водопроводам,-,-,-,-,41.98,м[3*],830.71,19.7882,"ФЕДЕРАЛЬНОЕ ГОСУДАРСТВЕННОЕ БЮДЖЕТНОЕ УЧРЕЖДЕНИЕ ""ФЕДЕРАЛЬНАЯ КАДАСТРОВАЯ ПАЛАТА ФЕДЕРАЛЬНОЙ СЛУЖБЫ ГОСУДАРСТВЕННОЙ РЕГИСТРАЦИИ, КАДАСТРА И КАРТОГРАФИИ""",7705401340,770801001,"ОБЩЕСТВО С ОГРАНИЧЕННОЙ ОТВЕТСТВЕННОСТЬЮ ""ВОДА""",2287006238,228701001,1,830.71,Российский рубль,Москва,Исполнение,44
https://clearspending.ru/contract/2773305127018000051,2773305127018000051,2018-02-09T00:00:00,"Препараты, применяемые при кашле и простудных заболеваниях",21.20.10.255,"Препараты, применяемые при кашле и простудных заболеваниях",-,-,-,-,410.0,упак,820.0,2.0,"ГОСУДАРСТВЕННОЕ БЮДЖЕТНОЕ УЧРЕЖДЕНИЕ ЗДРАВООХРАНЕНИЯ ГОРОДА МОСКВЫ ""ИНФЕКЦИОННАЯ КЛИНИЧЕСКАЯ БОЛЬНИЦА № 1 ДЕПАРТАМЕНТА ЗДРАВООХРАНЕНИЯ ГОРОДА МОСКВЫ""",7733051270,773301001,ООО «Система»,7702845121,770201001,1,820.0,Российский рубль,Москва,Исполнение,44
https://clearspending.ru/contract/2773462638718000002,2773462638718000002,2018-02-05T00:00:00,Услуги по огнезащитной обработке изделий,96.01.12.231,Услуги по огнезащитной обработке изделий,-,-,-,-,14.66,м[2*],659.58,45.0,"ГОСУДАРСТВЕННОЕ БЮДЖЕТНОЕ ОБРАЗОВАТЕЛЬНОЕ УЧРЕЖДЕНИЕ ДОПОЛНИТЕЛЬНОГО ОБРАЗОВАНИЯ ГОРОДА МОСКВЫ ""ЦЕНТР ДЕТСКОГО ТВОРЧЕСТВА ""СТРОГИНО""",7734626387,773401001,"ООО ""СПБ-СЕРВИС""",5040143685,504001001,1,767.24,Российский рубль,Москва,Исполнение,44
https://clearspending.ru/contract/2773462638718000002,2773462638718000002,2018-02-05T00:00:00,Услуги по огнезащитной обработке изделий,96.01.12.231,Услуги по огнезащитной обработке изделий,-,-,-,-,14.66,м[2*],659.58,45.0,"ГОСУДАРСТВЕННОЕ БЮДЖЕТНОЕ ОБРАЗОВАТЕЛЬНОЕ УЧРЕЖДЕНИЕ ДОПОЛНИТЕЛЬНОГО ОБРАЗОВАНИЯ ГОРОДА МОСКВЫ ""ЦЕНТР ДЕТСКОГО ТВОРЧЕСТВА ""СТРОГИНО""",7734626387,773401001,"ООО ""СПБ-СЕРВИС""",5040143685,504001001,1,767.24,Российский рубль,Москва,Исполнение,44
https://clearspending.ru/contract/2770599041618000040,2770599041618000040,2018-02-21T00:00:00,Услуги по подключению (технологическому присоединению) к централизованной системе водоотведения,37.00.11.130,Услуги по подключению (технологическому присоединению) к централизованной системе водоотведения,-,-,-,-,707.14,усл. ед,707.14,1.0,"ГОСУДАРСТВЕННОЕ КАЗЕННОЕ УЧРЕЖДЕНИЕ ГОРОДА МОСКВЫ ""МОСКОВСКИЙ ЦЕНТР НЕДВИЖИМОСТИ""",7705990416,770501001,"АО ""МОСВОДОКАНАЛ""",7701984274,774850001,1,707.14,Российский рубль,Москва,Исполнение,44
https://clearspending.ru/contract/2773509908418000003,2773509908418000003,2018-02-05T00:00:00,Посуда столовая и кухонная пластмассовая,22.29.23.110,Посуда столовая и кухонная пластмассовая,-,-,-,-,34.68,шт,242.76,7.0,"ГОСУДАРСТВЕННОЕ БЮДЖЕТНОЕ ОБЩЕОБРАЗОВАТЕЛЬНОЕ УЧРЕЖДЕНИЕ ГОРОДА МОСКВЫ ""ШКОЛА № 854""",7735099084,773501001,ИП Строкова Татьяна Александровна,504000374871,-,1,693.6,Российский рубль,Москва,Исполнение,44
https://clearspending.ru/contract/2773509908418000003,2773509908418000003,2018-02-05T00:00:00,Посуда столовая и кухонная пластмассовая,22.29.23.110,Посуда столовая и кухонная пластмассовая,-,-,-,-,34.68,шт,242.76,7.0,"ГОСУДАРСТВЕННОЕ БЮДЖЕТНОЕ ОБЩЕОБРАЗОВАТЕЛЬНОЕ УЧРЕЖДЕНИЕ ГОРОДА МОСКВЫ ""ШКОЛА № 854""",7735099084,773501001,ИП Строкова Татьяна Александровна,504000374871,-,1,693.6,Российский рубль,Москва,Исполнение,44
https://clearspending.ru/contract/2773509908418000003,2773509908418000003,2018-02-05T00:00:00,Посуда столовая и кухонная пластмассовая,22.29.23.110,Посуда столовая и кухонная пластмассовая,-,-,-,-,34.68,шт,242.76,7.0,"ГОСУДАРСТВЕННОЕ БЮДЖЕТНОЕ ОБЩЕОБРАЗОВАТЕЛЬНОЕ УЧРЕЖДЕНИЕ ГОРОДА МОСКВЫ ""ШКОЛА № 854""",7735099084,773501001,ИП Строкова Татьяна Александровна,504000374871,-,1,693.6,Российский рубль,Москва,Исполнение,44
https://clearspending.ru/contract/1770540134018001354,1770540134018001354,2018-01-29T00:00:00,Услуги по транспортированию и распределению воды по водопроводам,36.00.20.130,Услуги по транспортированию и распределению воды по водопроводам,-,-,-,-,81.16,м[3*],685.81,8.45,"ФЕДЕРАЛЬНОЕ ГОСУДАРСТВЕННОЕ БЮДЖЕТНОЕ УЧРЕЖДЕНИЕ ""ФЕДЕРАЛЬНАЯ КАДАСТРОВАЯ ПАЛАТА ФЕДЕРАЛЬНОЙ СЛУЖБЫ ГОСУДАРСТВЕННОЙ РЕГИСТРАЦИИ, КАДАСТРА И КАРТОГРАФИИ""",7705401340,770801001,"АКЦИОНЕРНОЕ ОБЩЕСТВО ""ОМСКОБЛВОДОПРОВОД""",5528022202,552801001,1,685.81,Российский рубль,Москва,Исполнение,44
https://clearspending.ru/contract/1770540134018001398,1770540134018001398,2018-01-31T00:00:00,Услуги по водоотведению сточных вод,37.00.11.110,Услуги по водоотведению сточных вод,-,-,-,-,19.8,м[3*],396.0,20.0,"ФЕДЕРАЛЬНОЕ ГОСУДАРСТВЕННОЕ БЮДЖЕТНОЕ УЧРЕЖДЕНИЕ ""ФЕДЕРАЛЬНАЯ КАДАСТРОВАЯ ПАЛАТА ФЕДЕРАЛЬНОЙ СЛУЖБЫ ГОСУДАРСТВЕННОЙ РЕГИСТРАЦИИ, КАДАСТРА И КАРТОГРАФИИ""",7705401340,770801001,"ОБЩЕСТВО С ОГРАНИЧЕННОЙ ОТВЕТСТВЕННОСТЬЮ ""ЖИЛИЩНО-КОММУНАЛЬНОЕ УПРАВЛЕНИЕ""",2205009865,220501001,1,685.08,Российский рубль,Москва,Исполнение,44
https://clearspending.ru/contract/1770540134018001398,1770540134018001398,2018-01-31T00:00:00,Услуги по водоотведению сточных вод,37.00.11.110,Услуги по водоотведению сточных вод,-,-,-,-,19.8,м[3*],396.0,20.0,"ФЕДЕРАЛЬНОЕ ГОСУДАРСТВЕННОЕ БЮДЖЕТНОЕ УЧРЕЖДЕНИЕ ""ФЕДЕРАЛЬНАЯ КАДАСТРОВАЯ ПАЛАТА ФЕДЕРАЛЬНОЙ СЛУЖБЫ ГОСУДАРСТВЕННОЙ РЕГИСТРАЦИИ, КАДАСТРА И КАРТОГРАФИИ""",7705401340,770801001,"ОБЩЕСТВО С ОГРАНИЧЕННОЙ ОТВЕТСТВЕННОСТЬЮ ""ЖИЛИЩНО-КОММУНАЛЬНОЕ УПРАВЛЕНИЕ""",2205009865,220501001,1,685.08,Российский рубль,Москва,Исполнение,44
https://clearspending.ru/contract/2500304230418000011,2500304230418000011,2018-02-05T00:00:00,Материалы клейкие перевязочные,21.20.24.110,Материалы клейкие перевязочные,-,-,-,-,668.8,компл,668.8,1.0,"ГОСУДАРСТВЕННОЕ БЮДЖЕТНОЕ УЧРЕЖДЕНИЕ ЗДРАВООХРАНЕНИЯ ГОРОДА МОСКВЫ ""ГОРОДСКАЯ БОЛЬНИЦА Г. МОСКОВСКИЙ ДЕПАРТАМЕНТА ЗДРАВООХРАНЕНИЯ ГОРОДА МОСКВЫ""",5003042304,775101001,АО «Аквиста»,7719840354,773001001,1,668.8,Российский рубль,Москва,Исполнение,44
https://clearspending.ru/contract/1771818289618000011,1771818289618000011,2018-02-06T00:00:00,Услуги по подключению (технологическому присоединению) к централизованной системе водоотведения,37.00.11.130,Услуги по подключению (технологическому присоединению) к централизованной системе водоотведения,-,-,-,-,605.0,усл. ед,605.0,1.0,"ФЕДЕРАЛЬНОЕ ГОСУДАРСТВЕННОЕ КАЗЕННОЕ УЧРЕЖДЕНИЕ КОМБИНАТ ""СИГНАЛ"" ИМ. А.А. ГРИГОРЬЕВА УПРАВЛЕНИЯ ФЕДЕРАЛЬНОГО АГЕНТСТВА ПО ГОСУДАРСТВЕННЫМ РЕЗЕРВАМ ПО ЦЕНТРАЛЬНОМУ ФЕДЕРАЛЬНОМУ ОКРУГУ",7718182896,771801001,"АКЦИОНЕРНОЕ ОБЩЕСТВО ""МОСВОДОКАНАЛ""",7701984274,774850001,1,605.0,Российский рубль,Москва,Исполнение,44
https://clearspending.ru/contract/1770540134018001429,1770540134018001429,2018-01-30T00:00:00,"Оказание услуг по холодному водоснабжению, водоотведению по адресу: Саратовская область, г. Ртищево, ул. Саратовская, д. 2",36.00.30.000,"Услуги по торговле водой, поставляемой по трубопроводам",-,-,-,-,50.43,м[3*],302.59,6.0,"ФЕДЕРАЛЬНОЕ ГОСУДАРСТВЕННОЕ БЮДЖЕТНОЕ УЧРЕЖДЕНИЕ ""ФЕДЕРАЛЬНАЯ КАДАСТРОВАЯ ПАЛАТА ФЕДЕРАЛЬНОЙ СЛУЖБЫ ГОСУДАРСТВЕННОЙ РЕГИСТРАЦИИ, КАДАСТРА И КАРТОГРАФИИ""",7705401340,770801001,"РТИЩЕВСКОЕ МУНИЦИПАЛЬНОЕ УНИТАРНОЕ ПРЕДПРИЯТИЕ ""ВОДОЗАБОР""",6446010896,644601001,1,583.46,Российский рубль,Москва,Исполнение,44
https://clearspending.ru/contract/1770540134018001429,1770540134018001429,2018-01-30T00:00:00,"Оказание услуг по холодному водоснабжению, водоотведению по адресу: Саратовская область, г. Ртищево, ул. Саратовская, д. 2",36.00.30.000,"Услуги по торговле водой, поставляемой по трубопроводам",-,-,-,-,50.43,м[3*],302.59,6.0,"ФЕДЕРАЛЬНОЕ ГОСУДАРСТВЕННОЕ БЮДЖЕТНОЕ УЧРЕЖДЕНИЕ ""ФЕДЕРАЛЬНАЯ КАДАСТРОВАЯ ПАЛАТА ФЕДЕРАЛЬНОЙ СЛУЖБЫ ГОСУДАРСТВЕННОЙ РЕГИСТРАЦИИ, КАДАСТРА И КАРТОГРАФИИ""",7705401340,770801001,"РТИЩЕВСКОЕ МУНИЦИПАЛЬНОЕ УНИТАРНОЕ ПРЕДПРИЯТИЕ ""ВОДОЗАБОР""",6446010896,644601001,1,583.46,Российский рубль,Москва,Исполнение,44
https://clearspending.ru/contract/1770540134018001348,1770540134018001348,2018-01-31T00:00:00,Услуги по транспортированию и распределению воды по водопроводам,36.00.20.130,Услуги по транспортированию и распределению воды по водопроводам,-,-,-,-,28.78,м[3*],564.49,19.614,"ФЕДЕРАЛЬНОЕ ГОСУДАРСТВЕННОЕ БЮДЖЕТНОЕ УЧРЕЖДЕНИЕ ""ФЕДЕРАЛЬНАЯ КАДАСТРОВАЯ ПАЛАТА ФЕДЕРАЛЬНОЙ СЛУЖБЫ ГОСУДАРСТВЕННОЙ РЕГИСТРАЦИИ, КАДАСТРА И КАРТОГРАФИИ""",7705401340,770801001,"ОБЩЕСТВО С ОГРАНИЧЕННОЙ ОТВЕТСТВЕННОСТЬЮ ""ЖКХ Г.ЗМЕИНОГОРСКА""",2206003810,220601001,1,564.49,Российский рубль,Москва,Исполнение,44
https://clearspending.ru/contract/1770540134018001560,1770540134018001560,2018-02-14T00:00:00,Услуги водоснабжения и водоотведения,36.00.12.000,Вода непитьевая,-,-,-,-,552.96,усл. ед,552.96,1.0,"ФЕДЕРАЛЬНОЕ ГОСУДАРСТВЕННОЕ БЮДЖЕТНОЕ УЧРЕЖДЕНИЕ ""ФЕДЕРАЛЬНАЯ КАДАСТРОВАЯ ПАЛАТА ФЕДЕРАЛЬНОЙ СЛУЖБЫ ГОСУДАРСТВЕННОЙ РЕГИСТРАЦИИ, КАДАСТРА И КАРТОГРАФИИ""",7705401340,770801001,"МУНИЦИПАЛЬНОЕ УНИТАРНОЕ ПРЕДПРИЯТИЕ КЫШТЫМСКОГО ГОРОДСКОГО ОКРУГА ""КЫШТЫМВОДОКАНАЛ""",7413016118,741301001,1,552.96,Российский рубль,Москва,Исполнение,44
https://clearspending.ru/contract/2770203815018000292,2770203815018000292,2018-02-12T00:00:00,Услуги по сдаче в аренду (внаем) собственных или арендованных нежилых помещений,68.20.12.000,Услуги по сдаче в аренду (внаем) собственных или арендованных нежилых помещений,-,-,-,-,551.94,усл. ед,551.94,1.0,"ГОСУДАРСТВЕННОЕ УНИТАРНОЕ ПРЕДПРИЯТИЕ ГОРОДА МОСКВЫ ""МОСКОВСКИЙ ОРДЕНА ЛЕНИНА И ОРДЕНА ТРУДОВОГО КРАСНОГО ЗНАМЕНИ МЕТРОПОЛИТЕН ИМЕНИ В.И.ЛЕНИНА""",7702038150,770201001,Департамент городского имущества города Москвы,7705031674,770301001,1,551.94,Российский рубль,Москва,Исполнение,44
https://clearspending.ru/contract/2770584037918000031,2770584037918000031,2018-01-29T00:00:00,Услуги по распределению электроэнергии,35.13.10.000,Услуги по распределению электроэнергии,-,-,-,-,550.0,усл. ед,550.0,1.0,"ГОСУДАРСТВЕННОЕ КАЗЕННОЕ УЧРЕЖДЕНИЕ ГОРОДА МОСКВЫ ПО КАПИТАЛЬНОМУ РЕМОНТУ МНОГОКВАРТИРНЫХ ДОМОВ ГОРОДА МОСКВЫ ""УКРИС""",7705840379,770501001,"АО ""ОЭК""",7720522853,997450001,1,550.0,Российский рубль,Москва,Исполнение,44
https://clearspending.ru/contract/2770584037918000035,2770584037918000035,2018-01-29T00:00:00,Услуги по распределению электроэнергии,35.13.10.000,Услуги по распределению электроэнергии,-,-,-,-,550.0,усл. ед,550.0,1.0,"ГОСУДАРСТВЕННОЕ КАЗЕННОЕ УЧРЕЖДЕНИЕ ГОРОДА МОСКВЫ ПО КАПИТАЛЬНОМУ РЕМОНТУ МНОГОКВАРТИРНЫХ ДОМОВ ГОРОДА МОСКВЫ ""УКРИС""",7705840379,770501001,"АО ""ОЭК""",7720522853,997450001,1,550.0,Российский рубль,Москва,Исполнение,44
https://clearspending.ru/contract/2770584037918000005,2770584037918000005,2018-01-29T00:00:00,Услуги по распределению электроэнергии,35.13.10.000,Услуги по распределению электроэнергии,-,-,-,-,550.0,усл. ед,550.0,1.0,"ГОСУДАРСТВЕННОЕ КАЗЕННОЕ УЧРЕЖДЕНИЕ ГОРОДА МОСКВЫ ПО КАПИТАЛЬНОМУ РЕМОНТУ МНОГОКВАРТИРНЫХ ДОМОВ ГОРОДА МОСКВЫ ""УКРИС""",7705840379,770501001,"АО ""ОЭК""",7720522853,997450001,1,550.0,Российский рубль,Москва,Исполнение,44
https://clearspending.ru/contract/2770584037918000019,2770584037918000019,2018-01-29T00:00:00,Услуги по распределению электроэнергии,35.13.10.000,Услуги по распределению электроэнергии,-,-,-,-,550.0,усл. ед,550.0,1.0,"ГОСУДАРСТВЕННОЕ КАЗЕННОЕ УЧРЕЖДЕНИЕ ГОРОДА МОСКВЫ ПО КАПИТАЛЬНОМУ РЕМОНТУ МНОГОКВАРТИРНЫХ ДОМОВ ГОРОДА МОСКВЫ ""УКРИС""",7705840379,770501001,"АО ""ОЭК""",7720522853,997450001,1,550.0,Российский рубль,Москва,Исполнение,44
https://clearspending.ru/contract/2773148361318000006,2773148361318000006,2018-02-05T00:00:00,"Услуги по монтажу прочего оборудования специального назначения, не включенные в другие группировки",33.20.39.900,"Услуги по монтажу прочего оборудования специального назначения, не включенные в другие группировки",-,-,-,-,550.0,усл. ед,550.0,1.0,"ГОСУДАРСТВЕННОЕ БЮДЖЕТНОЕ УЧРЕЖДЕНИЕ ГОРОДА МОСКВЫ ""ЖИЛИЩНИК РАЙОНА КРЫЛАТСКОЕ""",7731483613,773101001,"АО ""ОЭК""",7720522853,997450001,1,550.0,Российский рубль,Москва,Исполнение,44
https://clearspending.ru/contract/2770584037918000050,2770584037918000050,2018-02-05T00:00:00,Услуги по распределению электроэнергии,35.13.10.000,Услуги по распределению электроэнергии,-,-,-,-,550.0,кВт.ч,550.0,1.0,"ГОСУДАРСТВЕННОЕ КАЗЕННОЕ УЧРЕЖДЕНИЕ ГОРОДА МОСКВЫ ПО КАПИТАЛЬНОМУ РЕМОНТУ МНОГОКВАРТИРНЫХ ДОМОВ ГОРОДА МОСКВЫ ""УКРИС""",7705840379,770501001,"АО ""ОЭК""",7720522853,997450001,1,550.0,Российский рубль,Москва,Исполнение,44
https://clearspending.ru/contract/2770584037918000058,2770584037918000058,2018-02-08T00:00:00,Услуги по распределению электроэнергии,35.13.10.000,Услуги по распределению электроэнергии,-,-,-,-,550.0,кВт.ч,550.0,1.0,"ГОСУДАРСТВЕННОЕ КАЗЕННОЕ УЧРЕЖДЕНИЕ ГОРОДА МОСКВЫ ПО КАПИТАЛЬНОМУ РЕМОНТУ МНОГОКВАРТИРНЫХ ДОМОВ ГОРОДА МОСКВЫ ""УКРИС""",7705840379,770501001,"АО ""ОЭК""",7720522853,997450001,1,550.0,Российский рубль,Москва,Исполнение,44
https://clearspending.ru/contract/2770191348118000031,2770191348118000031,2018-02-13T00:00:00,Услуги по распределению электроэнергии,35.13.10.000,Услуги по распределению электроэнергии,-,-,-,-,550.0,усл. ед,550.0,1.0,"ГОСУДАРСТВЕННОЕ БЮДЖЕТНОЕ УЧРЕЖДЕНИЕ ГОРОДА МОСКВЫ ""ГОРОДСКАЯ РЕКЛАМА И ИНФОРМАЦИЯ""",7701913481,772601001,"АО ""ОЭК""",7720522853,997450001,1,550.0,Российский рубль,Москва,Исполнение,44
https://clearspending.ru/contract/2770191348118000049,2770191348118000049,2018-02-13T00:00:00,Услуги по распределению электроэнергии,35.13.10.000,Услуги по распределению электроэнергии,-,-,-,-,550.0,усл. ед,550.0,1.0,"ГОСУДАРСТВЕННОЕ БЮДЖЕТНОЕ УЧРЕЖДЕНИЕ ГОРОДА МОСКВЫ ""ГОРОДСКАЯ РЕКЛАМА И ИНФОРМАЦИЯ""",7701913481,772601001,"АО ""ОЭК""",7720522853,997450001,1,550.0,Российский рубль,Москва,Исполнение,44
https://clearspending.ru/contract/2771095815018000028,2771095815018000028,2018-02-15T00:00:00,Услуги по подключению (технологическому присоединению) к централизованной системе горячего водоснабжения,35.30.12.140,Услуги по подключению (технологическому присоединению) к централизованной системе горячего водоснабжения,-,-,-,-,550.0,усл. ед,550.0,1.0,"ГОСУДАРСТВЕННОЕ БЮДЖЕТНОЕ УЧРЕЖДЕНИЕ ГОРОДА МОСКВЫ ""ДОРИНВЕСТ""",7710958150,774501001,"ПАО ""МОЭК""",7720518494,997450001,1,550.0,Российский рубль,Москва,Исполнение,44
https://clearspending.ru/contract/2770191348118000093,2770191348118000093,2018-02-16T00:00:00,Услуги по распределению электроэнергии,35.13.10.000,Услуги по распределению электроэнергии,-,-,-,-,550.0,усл. ед,550.0,1.0,"ГОСУДАРСТВЕННОЕ БЮДЖЕТНОЕ УЧРЕЖДЕНИЕ ГОРОДА МОСКВЫ ""ГОРОДСКАЯ РЕКЛАМА И ИНФОРМАЦИЯ""",7701913481,772601001,"АО ""ОЭК""",7720522853,997450001,1,550.0,Российский рубль,Москва,Исполнение,44
https://clearspending.ru/contract/2770191348118000076,2770191348118000076,2018-02-16T00:00:00,Услуги по распределению электроэнергии,35.13.10.000,Услуги по распределению электроэнергии,-,-,-,-,550.0,усл. ед,550.0,1.0,"ГОСУДАРСТВЕННОЕ БЮДЖЕТНОЕ УЧРЕЖДЕНИЕ ГОРОДА МОСКВЫ ""ГОРОДСКАЯ РЕКЛАМА И ИНФОРМАЦИЯ""",7701913481,772601001,"АО ""ОЭК""",7720522853,997450001,1,550.0,Российский рубль,Москва,Исполнение,44
https://clearspending.ru/contract/2770191348118000054,2770191348118000054,2018-02-15T00:00:00,Услуги по распределению электроэнергии,35.13.10.000,Услуги по распределению электроэнергии,-,-,-,-,550.0,усл. ед,550.0,1.0,"ГОСУДАРСТВЕННОЕ БЮДЖЕТНОЕ УЧРЕЖДЕНИЕ ГОРОДА МОСКВЫ ""ГОРОДСКАЯ РЕКЛАМА И ИНФОРМАЦИЯ""",7701913481,772601001,"АО ""ОЭК""",7720522853,997450001,1,550.0,Российский рубль,Москва,Исполнение,44
https://clearspending.ru/contract/2770191348118000057,2770191348118000057,2018-02-15T00:00:00,Услуги по распределению электроэнергии,35.13.10.000,Услуги по распределению электроэнергии,-,-,-,-,550.0,усл. ед,550.0,1.0,"ГОСУДАРСТВЕННОЕ БЮДЖЕТНОЕ УЧРЕЖДЕНИЕ ГОРОДА МОСКВЫ ""ГОРОДСКАЯ РЕКЛАМА И ИНФОРМАЦИЯ""",7701913481,772601001,"АО ""ОЭК""",7720522853,997450001,1,550.0,Российский рубль,Москва,Исполнение,44
https://clearspending.ru/contract/2770191348118000096,2770191348118000096,2018-02-16T00:00:00,Услуги по распределению электроэнергии,35.13.10.000,Услуги по распределению электроэнергии,-,-,-,-,550.0,усл. ед,550.0,1.0,"ГОСУДАРСТВЕННОЕ БЮДЖЕТНОЕ УЧРЕЖДЕНИЕ ГОРОДА МОСКВЫ ""ГОРОДСКАЯ РЕКЛАМА И ИНФОРМАЦИЯ""",7701913481,772601001,"АО ""ОЭК""",7720522853,997450001,1,550.0,Российский рубль,Москва,Исполнение,44
https://clearspending.ru/contract/2770599041618000039,2770599041618000039,2018-02-21T00:00:00,Услуги по распределению электроэнергии,35.13.10.000,Услуги по распределению электроэнергии,-,-,-,-,550.0,усл. ед,550.0,1.0,"ГОСУДАРСТВЕННОЕ КАЗЕННОЕ УЧРЕЖДЕНИЕ ГОРОДА МОСКВЫ ""МОСКОВСКИЙ ЦЕНТР НЕДВИЖИМОСТИ""",7705990416,770501001,"АО ""ОЭК""",7720522853,997450001,1,550.0,Российский рубль,Москва,Исполнение,44
https://clearspending.ru/contract/1770540134018001619,1770540134018001619,2018-02-21T00:00:00,Услуги по водоотведению сточных вод,37.00.11.110,Услуги по водоотведению сточных вод,-,-,-,-,37.73,м[3*],528.22,14.0,"ФЕДЕРАЛЬНОЕ ГОСУДАРСТВЕННОЕ БЮДЖЕТНОЕ УЧРЕЖДЕНИЕ ""ФЕДЕРАЛЬНАЯ КАДАСТРОВАЯ ПАЛАТА ФЕДЕРАЛЬНОЙ СЛУЖБЫ ГОСУДАРСТВЕННОЙ РЕГИСТРАЦИИ, КАДАСТРА И КАРТОГРАФИИ""",7705401340,770801001,"ОБЩЕСТВО С ДОПОЛНИТЕЛЬНОЙ ОТВЕТСТВЕННОСТЬЮ ""СЕТИ ВОДООТВЕДЕНИЯ ГОРОДА КАМЕНКИ""",5802008155,580201001,1,528.22,Российский рубль,Москва,Исполнение,44
https://clearspending.ru/contract/1770540134018001485,1770540134018001485,2018-01-31T00:00:00,Услуги по транспортированию и распределению воды по водопроводам,36.00.20.130,Услуги по транспортированию и распределению воды по водопроводам,-,-,-,-,24.4,м[3*],276.7,11.34,"ФЕДЕРАЛЬНОЕ ГОСУДАРСТВЕННОЕ БЮДЖЕТНОЕ УЧРЕЖДЕНИЕ ""ФЕДЕРАЛЬНАЯ КАДАСТРОВАЯ ПАЛАТА ФЕДЕРАЛЬНОЙ СЛУЖБЫ ГОСУДАРСТВЕННОЙ РЕГИСТРАЦИИ, КАДАСТРА И КАРТОГРАФИИ""",7705401340,770801001,"МУНИЦИПАЛЬНОЕ УНИТАРНОЕ ПРЕДПРИЯТИЕ ""КОММУНАЛЬНОЕ ХОЗЯЙСТВО""",2267004987,226701001,1,521.91,Российский рубль,Москва,Исполнение,44
https://clearspending.ru/contract/1770540134018001485,1770540134018001485,2018-01-31T00:00:00,Услуги по транспортированию и распределению воды по водопроводам,36.00.20.130,Услуги по транспортированию и распределению воды по водопроводам,-,-,-,-,24.4,м[3*],276.7,11.34,"ФЕДЕРАЛЬНОЕ ГОСУДАРСТВЕННОЕ БЮДЖЕТНОЕ УЧРЕЖДЕНИЕ ""ФЕДЕРАЛЬНАЯ КАДАСТРОВАЯ ПАЛАТА ФЕДЕРАЛЬНОЙ СЛУЖБЫ ГОСУДАРСТВЕННОЙ РЕГИСТРАЦИИ, КАДАСТРА И КАРТОГРАФИИ""",7705401340,770801001,"МУНИЦИПАЛЬНОЕ УНИТАРНОЕ ПРЕДПРИЯТИЕ ""КОММУНАЛЬНОЕ ХОЗЯЙСТВО""",2267004987,226701001,1,521.91,Российский рубль,Москва,Исполнение,44
https://clearspending.ru/contract/1770540134018001317,1770540134018001317,2018-01-29T00:00:00,"Оказание услуг по водоотведению в помещениях по адресу: Волгоградская обл., г.Фролово, ул.Пролетарская, 12/5, для нужд филиала ФГБУ ""ФКП Росреестра"" по Волгоградской области",37.00.11.110,Услуги по водоотведению сточных вод,-,-,-,-,47.09,м[3*],516.11,10.96,"ФЕДЕРАЛЬНОЕ ГОСУДАРСТВЕННОЕ БЮДЖЕТНОЕ УЧРЕЖДЕНИЕ ""ФЕДЕРАЛЬНАЯ КАДАСТРОВАЯ ПАЛАТА ФЕДЕРАЛЬНОЙ СЛУЖБЫ ГОСУДАРСТВЕННОЙ РЕГИСТРАЦИИ, КАДАСТРА И КАРТОГРАФИИ""",7705401340,770801001,"ОБЩЕСТВО С ОГРАНИЧЕННОЙ ОТВЕТСТВЕННОСТЬЮ ""ВОДОКАНАЛ""",3439009284,345601001,1,516.11,Российский рубль,Москва,Исполнение,44
https://clearspending.ru/contract/1770540134018001378,1770540134018001378,2018-01-31T00:00:00,Услуги по транспортированию и распределению воды по водопроводам,36.00.20.130,Услуги по транспортированию и распределению воды по водопроводам,-,-,-,-,34.21,м[3*],515.46,15.0674,"ФЕДЕРАЛЬНОЕ ГОСУДАРСТВЕННОЕ БЮДЖЕТНОЕ УЧРЕЖДЕНИЕ ""ФЕДЕРАЛЬНАЯ КАДАСТРОВАЯ ПАЛАТА ФЕДЕРАЛЬНОЙ СЛУЖБЫ ГОСУДАРСТВЕННОЙ РЕГИСТРАЦИИ, КАДАСТРА И КАРТОГРАФИИ""",7705401340,770801001,"ОБЩЕСТВО С ОГРАНИЧЕННОЙ ОТВЕТСТВЕННОСТЬЮ ""ЖИЛИЩНО-КОММУНАЛЬНОЕ ХОЗЯЙСТВО""",2273320229,227301001,1,515.46,Российский рубль,Москва,Исполнение,44
https://clearspending.ru/contract/2773506274318000009,2773506274318000009,2018-02-19T00:00:00,"Инструмент слесарно-монтажный прочий, не включенный в другие группировки",25.73.30.299,"Инструмент слесарно-монтажный прочий, не включенный в другие группировки",-,-,-,-,505.94,шт,505.94,1.0,"ГОСУДАРСТВЕННОЕ БЮДЖЕТНОЕ ОБЩЕОБРАЗОВАТЕЛЬНОЕ УЧРЕЖДЕНИЕ ГОРОДА МОСКВЫ ""ШКОЛА № 1528"" ИМЕНИ ГЕРОЯ СОВЕТСКОГО СОЮЗА И.В. ПАНФИЛОВА",7735062743,773501001,"ООО ""ПАНТЕОН""",7726378973,772601001,1,505.94,Российский рубль,Москва,Исполнение,44
https://clearspending.ru/contract/2772060285118000003,2772060285118000003,2018-02-07T00:00:00,Посуда столовая и кухонная из прочего стекла,23.13.13.112,Посуда столовая и кухонная из прочего стекла,-,-,-,-,99.12,шт,495.6,5.0,"ГОСУДАРСТВЕННОЕ БЮДЖЕТНОЕ ОБЩЕОБРАЗОВАТЕЛЬНОЕ УЧРЕЖДЕНИЕ ГОРОДА МОСКВЫ ""ШКОЛА № 1591""",7720602851,772001001,ИП Строкова Татьяна Александровна,504000374871,-,1,495.6,Российский рубль,Москва,Исполнение,44
https://clearspending.ru/contract/1770540134018001367,1770540134018001367,2018-01-30T00:00:00,Вода непитьевая,36.00.12.000,Вода непитьевая,-,-,-,-,487.7,усл. ед,487.7,1.0,"ФЕДЕРАЛЬНОЕ ГОСУДАРСТВЕННОЕ БЮДЖЕТНОЕ УЧРЕЖДЕНИЕ ""ФЕДЕРАЛЬНАЯ КАДАСТРОВАЯ ПАЛАТА ФЕДЕРАЛЬНОЙ СЛУЖБЫ ГОСУДАРСТВЕННОЙ РЕГИСТРАЦИИ, КАДАСТРА И КАРТОГРАФИИ""",7705401340,770801001,"МУНИЦИПАЛЬНОЕ УНИТАРНОЕ ПРЕДПРИЯТИЕ ГОРОДСКОГО ПОСЕЛЕНИЯ ГОРОД БЕЛЫЙ ""БЕЛТЕПЛО""",6918002771,691801001,1,487.7,Российский рубль,Москва,Исполнение,44
https://clearspending.ru/contract/1770540134018001406,1770540134018001406,2018-01-31T00:00:00,Услуги по транспортированию и распределению воды по водопроводам,36.00.20.130,Услуги по транспортированию и распределению воды по водопроводам,-,-,-,-,26.74,м[3*],237.63,8.8867,"ФЕДЕРАЛЬНОЕ ГОСУДАРСТВЕННОЕ БЮДЖЕТНОЕ УЧРЕЖДЕНИЕ ""ФЕДЕРАЛЬНАЯ КАДАСТРОВАЯ ПАЛАТА ФЕДЕРАЛЬНОЙ СЛУЖБЫ ГОСУДАРСТВЕННОЙ РЕГИСТРАЦИИ, КАДАСТРА И КАРТОГРАФИИ""",7705401340,770801001,"МУНИЦИПАЛЬНОЕ УНИТАРНОЕ ПРЕДПРИЯТИЕ ""ЗОНАЛЬНОЕ МНОГООТРАСЛЕВОЕ КОММУНАЛЬНОЕ ХОЗЯЙСТВО""",2245004750,224501001,1,475.08,Российский рубль,Москва,Исполнение,44
https://clearspending.ru/contract/1770540134018001406,1770540134018001406,2018-01-31T00:00:00,Услуги по транспортированию и распределению воды по водопроводам,36.00.20.130,Услуги по транспортированию и распределению воды по водопроводам,-,-,-,-,26.74,м[3*],237.63,8.8867,"ФЕДЕРАЛЬНОЕ ГОСУДАРСТВЕННОЕ БЮДЖЕТНОЕ УЧРЕЖДЕНИЕ ""ФЕДЕРАЛЬНАЯ КАДАСТРОВАЯ ПАЛАТА ФЕДЕРАЛЬНОЙ СЛУЖБЫ ГОСУДАРСТВЕННОЙ РЕГИСТРАЦИИ, КАДАСТРА И КАРТОГРАФИИ""",7705401340,770801001,"МУНИЦИПАЛЬНОЕ УНИТАРНОЕ ПРЕДПРИЯТИЕ ""ЗОНАЛЬНОЕ МНОГООТРАСЛЕВОЕ КОММУНАЛЬНОЕ ХОЗЯЙСТВО""",2245004750,224501001,1,475.08,Российский рубль,Москва,Исполнение,44
https://clearspending.ru/contract/2770233211218000001,2770233211218000001,2018-01-29T00:00:00,Услуги по транспортированию и распределению воды по водопроводам,36.00.20.130,Услуги по транспортированию и распределению воды по водопроводам,-,-,-,-,92.16,м[3*],470.0,5.1,"ГОСУДАРСТВЕННОЕ БЮДЖЕТНОЕ УЧРЕЖДЕНИЕ ГОРОДА МОСКВЫ ""КАДРОВЫЙ ЦЕНТР ДЕПАРТАМЕНТА КУЛЬТУРЫ ГОРОДА МОСКВЫ""",7702332112,771501001,"АО ""МОСВОДОКАНАЛ""",7701984274,774850001,1,470.0,Российский рубль,Москва,Исполнение,44
https://clearspending.ru/contract/2770336418818000004,2770336418818000004,2018-02-06T00:00:00,"Работы строительные с пециализированные прочие, не включенные в другие группировки",43.99.90.190,"Работы строительные с пециализированные прочие, не включенные в другие группировки",-,-,-,-,38.62,усл. ед,463.44,12.0,УПРАВА ПРЕСНЕНСКОГО РАЙОНА ГОРОДА МОСКВЫ,7703364188,770301001,ГБУ «ЭВАЖД»,7730199840,773001001,1,463.44,Российский рубль,Москва,Исполнение,44
https://clearspending.ru/contract/2771982339818000002,2771982339818000002,2018-02-19T00:00:00,Услуги по распределению и снабжению газовым топливом всех видов по системам распределительных трубопроводов,35.22.10.110,Услуги по распределению и снабжению газовым топливом всех видов по системам распределительных трубопроводов,-,-,-,-,1.26,м[3*],459.25,365.0,"ГОСУДАРСТВЕННОЕ БЮДЖЕТНОЕ УЧРЕЖДЕНИЕ ГОРОДА МОСКВЫ ТЕРРИТОРИАЛЬНЫЙ ЦЕНТР СОЦИАЛЬНОГО ОБСЛУЖИВАНИЯ ""ВОСТОЧНОЕ ИЗМАЙЛОВО""",7719823398,771901001,"АО ""МОСГАЗ""",7709919968,774850001,1,459.25,Российский рубль,Москва,Исполнение,44
https://clearspending.ru/contract/1770540134018001395,1770540134018001395,2018-01-31T00:00:00,Услуги по транспортированию и распределению воды по водопроводам,36.00.20.130,Услуги по транспортированию и распределению воды по водопроводам,-,-,-,-,46.75,м[3*],451.9,9.6663,"ФЕДЕРАЛЬНОЕ ГОСУДАРСТВЕННОЕ БЮДЖЕТНОЕ УЧРЕЖДЕНИЕ ""ФЕДЕРАЛЬНАЯ КАДАСТРОВАЯ ПАЛАТА ФЕДЕРАЛЬНОЙ СЛУЖБЫ ГОСУДАРСТВЕННОЙ РЕГИСТРАЦИИ, КАДАСТРА И КАРТОГРАФИИ""",7705401340,770801001,"МУНИЦИПАЛЬНОЕ УНИТАРНОЕ ПРЕДПРИЯТИЕ ""ТЕПЛОВИК"" МУНИЦИПАЛЬНОГО ОБРАЗОВАНИЯ БАЕВСКИЙ СЕЛЬСОВЕТ БАЕВСКОГО РАЙОНА АЛТАЙСКОГО КРАЯ",2233002815,223301001,1,451.9,Российский рубль,Москва,Исполнение,44
https://clearspending.ru/contract/1770540134018001403,1770540134018001403,2018-01-31T00:00:00,"Энергия тепловая, отпущенная тепловыми электроцентралями (ТЭЦ)",35.30.11.111,"Энергия тепловая, отпущенная тепловыми электроцентралями (ТЭЦ)",-,-,-,-,59.8,м[3*],438.83,7.338,"ФЕДЕРАЛЬНОЕ ГОСУДАРСТВЕННОЕ БЮДЖЕТНОЕ УЧРЕЖДЕНИЕ ""ФЕДЕРАЛЬНАЯ КАДАСТРОВАЯ ПАЛАТА ФЕДЕРАЛЬНОЙ СЛУЖБЫ ГОСУДАРСТВЕННОЙ РЕГИСТРАЦИИ, КАДАСТРА И КАРТОГРАФИИ""",7705401340,770801001,"ОБЩЕСТВО С ОГРАНИЧЕННОЙ ОТВЕТСТВЕННОСТЬЮ ""ЖИЛИЩНО-КОММУНАЛЬНОЕ УПРАВЛЕНИЕ""",2205009865,220501001,1,438.83,Российский рубль,Москва,Исполнение,44
https://clearspending.ru/contract/1770540134018001192,1770540134018001192,2018-01-29T00:00:00,Услуги по водоотведению сточных вод,37.00.11.110,Услуги по водоотведению сточных вод,-,-,-,-,12.15,м[3*],437.54,36.0115,"ФЕДЕРАЛЬНОЕ ГОСУДАРСТВЕННОЕ БЮДЖЕТНОЕ УЧРЕЖДЕНИЕ ""ФЕДЕРАЛЬНАЯ КАДАСТРОВАЯ ПАЛАТА ФЕДЕРАЛЬНОЙ СЛУЖБЫ ГОСУДАРСТВЕННОЙ РЕГИСТРАЦИИ, КАДАСТРА И КАРТОГРАФИИ""",7705401340,770801001,"ОБЩЕСТВО С ОГРАНИЧЕННОЙ ОТВЕТСТВЕННОСТЬЮ ""СИГНАЛ""",6680000038,668001001,1,437.54,Российский рубль,Москва,Исполнение,44
https://clearspending.ru/contract/1770540134018001520,1770540134018001520,2018-02-05T00:00:00,Вода непитьевая,36.00.12.000,Вода непитьевая,-,-,-,-,403.99,усл. ед,403.99,1.0,"ФЕДЕРАЛЬНОЕ ГОСУДАРСТВЕННОЕ БЮДЖЕТНОЕ УЧРЕЖДЕНИЕ ""ФЕДЕРАЛЬНАЯ КАДАСТРОВАЯ ПАЛАТА ФЕДЕРАЛЬНОЙ СЛУЖБЫ ГОСУДАРСТВЕННОЙ РЕГИСТРАЦИИ, КАДАСТРА И КАРТОГРАФИИ""",7705401340,770801001,"ОБЩЕСТВО С ОГРАНИЧЕННОЙ ОТВЕТСТВЕННОСТЬЮ ""ВОДНЫЕ РЕСУРСЫ""",6950038074,695001001,1,403.99,Российский рубль,Москва,Исполнение,44
https://clearspending.ru/contract/1770540134018001383,1770540134018001383,2018-01-30T00:00:00,Услуги по транспортированию и распределению воды по водопроводам,36.00.20.130,Услуги по транспортированию и распределению воды по водопроводам,-,-,-,-,81.16,м[3*],380.64,4.69,"ФЕДЕРАЛЬНОЕ ГОСУДАРСТВЕННОЕ БЮДЖЕТНОЕ УЧРЕЖДЕНИЕ ""ФЕДЕРАЛЬНАЯ КАДАСТРОВАЯ ПАЛАТА ФЕДЕРАЛЬНОЙ СЛУЖБЫ ГОСУДАРСТВЕННОЙ РЕГИСТРАЦИИ, КАДАСТРА И КАРТОГРАФИИ""",7705401340,770801001,"АКЦИОНЕРНОЕ ОБЩЕСТВО ""ОМСКОБЛВОДОПРОВОД""",5528022202,552801001,1,380.64,Российский рубль,Москва,Исполнение,44
https://clearspending.ru/contract/1770540134018001532,1770540134018001532,2018-02-08T00:00:00,Услуги по транспортированию и распределению воды по водопроводам,36.00.20.130,Услуги по транспортированию и распределению воды по водопроводам,-,-,-,-,31.29,м[3*],190.87,6.1,"ФЕДЕРАЛЬНОЕ ГОСУДАРСТВЕННОЕ БЮДЖЕТНОЕ УЧРЕЖДЕНИЕ ""ФЕДЕРАЛЬНАЯ КАДАСТРОВАЯ ПАЛАТА ФЕДЕРАЛЬНОЙ СЛУЖБЫ ГОСУДАРСТВЕННОЙ РЕГИСТРАЦИИ, КАДАСТРА И КАРТОГРАФИИ""",7705401340,770801001,"ОБЩЕСТВО С ОГРАНИЧЕННОЙ ОТВЕТСТВЕННОСТЬЮ ""КОММУНАЛЬЩИК""",2248005760,224801001,1,374.41,Российский рубль,Москва,Исполнение,44
https://clearspending.ru/contract/1770540134018001532,1770540134018001532,2018-02-08T00:00:00,Услуги по транспортированию и распределению воды по водопроводам,36.00.20.130,Услуги по транспортированию и распределению воды по водопроводам,-,-,-,-,31.29,м[3*],190.87,6.1,"ФЕДЕРАЛЬНОЕ ГОСУДАРСТВЕННОЕ БЮДЖЕТНОЕ УЧРЕЖДЕНИЕ ""ФЕДЕРАЛЬНАЯ КАДАСТРОВАЯ ПАЛАТА ФЕДЕРАЛЬНОЙ СЛУЖБЫ ГОСУДАРСТВЕННОЙ РЕГИСТРАЦИИ, КАДАСТРА И КАРТОГРАФИИ""",7705401340,770801001,"ОБЩЕСТВО С ОГРАНИЧЕННОЙ ОТВЕТСТВЕННОСТЬЮ ""КОММУНАЛЬЩИК""",2248005760,224801001,1,374.41,Российский рубль,Москва,Исполнение,44
https://clearspending.ru/contract/2772782490218000003,2772782490218000003,2018-02-05T00:00:00,"Изделия столовые, кухонные и бытовые и их детали из нержавеющей стали",25.99.12.112,"Изделия столовые, кухонные и бытовые и их детали из нержавеющей стали",-,-,-,-,36.36,шт,363.6,10.0,"ГОСУДАРСТВЕННОЕ БЮДЖЕТНОЕ ОБЩЕОБРАЗОВАТЕЛЬНОЕ УЧРЕЖДЕНИЕ ГОРОДА МОСКВЫ ""ШКОЛА № 554""",7727824902,772701001,ИП Строкова Татьяна Александровна,504000374871,-,1,363.6,Российский рубль,Москва,Исполнение,44
https://clearspending.ru/contract/2770191348118000029,2770191348118000029,2018-02-13T00:00:00,Услуги по распределению электроэнергии,35.13.10.000,Услуги по распределению электроэнергии,-,-,-,-,307.45,усл. ед,307.45,1.0,"ГОСУДАРСТВЕННОЕ БЮДЖЕТНОЕ УЧРЕЖДЕНИЕ ГОРОДА МОСКВЫ ""ГОРОДСКАЯ РЕКЛАМА И ИНФОРМАЦИЯ""",7701913481,772601001,"АО ""ОЭК""",7720522853,997450001,1,307.45,Российский рубль,Москва,Исполнение,44
https://clearspending.ru/contract/2770191348118000030,2770191348118000030,2018-02-13T00:00:00,Услуги по распределению электроэнергии,35.13.10.000,Услуги по распределению электроэнергии,-,-,-,-,307.45,усл. ед,307.45,1.0,"ГОСУДАРСТВЕННОЕ БЮДЖЕТНОЕ УЧРЕЖДЕНИЕ ГОРОДА МОСКВЫ ""ГОРОДСКАЯ РЕКЛАМА И ИНФОРМАЦИЯ""",7701913481,772601001,"АО ""ОЭК""",7720522853,997450001,1,307.45,Российский рубль,Москва,Исполнение,44
https://clearspending.ru/contract/2770191348118000032,2770191348118000032,2018-02-13T00:00:00,Услуги по распределению электроэнергии,35.13.10.000,Услуги по распределению электроэнергии,-,-,-,-,307.45,усл. ед,307.45,1.0,"ГОСУДАРСТВЕННОЕ БЮДЖЕТНОЕ УЧРЕЖДЕНИЕ ГОРОДА МОСКВЫ ""ГОРОДСКАЯ РЕКЛАМА И ИНФОРМАЦИЯ""",7701913481,772601001,"АО ""ОЭК""",7720522853,997450001,1,307.45,Российский рубль,Москва,Исполнение,44
https://clearspending.ru/contract/2770191348118000033,2770191348118000033,2018-02-13T00:00:00,Услуги по распределению электроэнергии,35.13.10.000,Услуги по распределению электроэнергии,-,-,-,-,307.45,усл. ед,307.45,1.0,"ГОСУДАРСТВЕННОЕ БЮДЖЕТНОЕ УЧРЕЖДЕНИЕ ГОРОДА МОСКВЫ ""ГОРОДСКАЯ РЕКЛАМА И ИНФОРМАЦИЯ""",7701913481,772601001,"АО ""ОЭК""",7720522853,997450001,1,307.45,Российский рубль,Москва,Исполнение,44
https://clearspending.ru/contract/2770191348118000034,2770191348118000034,2018-02-13T00:00:00,Услуги по распределению электроэнергии,35.13.10.000,Услуги по распределению электроэнергии,-,-,-,-,307.45,усл. ед,307.45,1.0,"ГОСУДАРСТВЕННОЕ БЮДЖЕТНОЕ УЧРЕЖДЕНИЕ ГОРОДА МОСКВЫ ""ГОРОДСКАЯ РЕКЛАМА И ИНФОРМАЦИЯ""",7701913481,772601001,"АО ""ОЭК""",7720522853,997450001,1,307.45,Российский рубль,Москва,Исполнение,44
https://clearspending.ru/contract/2770191348118000035,2770191348118000035,2018-02-13T00:00:00,Услуги по распределению электроэнергии,35.13.10.000,Услуги по распределению электроэнергии,-,-,-,-,307.45,усл. ед,307.45,1.0,"ГОСУДАРСТВЕННОЕ БЮДЖЕТНОЕ УЧРЕЖДЕНИЕ ГОРОДА МОСКВЫ ""ГОРОДСКАЯ РЕКЛАМА И ИНФОРМАЦИЯ""",7701913481,772601001,"АО ""ОЭК""",7720522853,997450001,1,307.45,Российский рубль,Москва,Исполнение,44
https://clearspending.ru/contract/2770191348118000036,2770191348118000036,2018-02-13T00:00:00,Услуги по распределению электроэнергии,35.13.10.000,Услуги по распределению электроэнергии,-,-,-,-,307.45,усл. ед,307.45,1.0,"ГОСУДАРСТВЕННОЕ БЮДЖЕТНОЕ УЧРЕЖДЕНИЕ ГОРОДА МОСКВЫ ""ГОРОДСКАЯ РЕКЛАМА И ИНФОРМАЦИЯ""",7701913481,772601001,"АО ""ОЭК""",7720522853,997450001,1,307.45,Российский рубль,Москва,Исполнение,44
https://clearspending.ru/contract/2770191348118000037,2770191348118000037,2018-02-13T00:00:00,Услуги по распределению электроэнергии,35.13.10.000,Услуги по распределению электроэнергии,-,-,-,-,307.45,усл. ед,307.45,1.0,"ГОСУДАРСТВЕННОЕ БЮДЖЕТНОЕ УЧРЕЖДЕНИЕ ГОРОДА МОСКВЫ ""ГОРОДСКАЯ РЕКЛАМА И ИНФОРМАЦИЯ""",7701913481,772601001,"АО ""ОЭК""",7720522853,997450001,1,307.45,Российский рубль,Москва,Исполнение,44
https://clearspending.ru/contract/2770191348118000038,2770191348118000038,2018-02-13T00:00:00,Услуги по распределению электроэнергии,35.13.10.000,Услуги по распределению электроэнергии,-,-,-,-,307.45,усл. ед,307.45,1.0,"ГОСУДАРСТВЕННОЕ БЮДЖЕТНОЕ УЧРЕЖДЕНИЕ ГОРОДА МОСКВЫ ""ГОРОДСКАЯ РЕКЛАМА И ИНФОРМАЦИЯ""",7701913481,772601001,"АО ""ОЭК""",7720522853,997450001,1,307.45,Российский рубль,Москва,Исполнение,44
https://clearspending.ru/contract/2770191348118000039,2770191348118000039,2018-02-13T00:00:00,Услуги по распределению электроэнергии,35.13.10.000,Услуги по распределению электроэнергии,-,-,-,-,307.45,усл. ед,307.45,1.0,"ГОСУДАРСТВЕННОЕ БЮДЖЕТНОЕ УЧРЕЖДЕНИЕ ГОРОДА МОСКВЫ ""ГОРОДСКАЯ РЕКЛАМА И ИНФОРМАЦИЯ""",7701913481,772601001,"АО ""ОЭК""",7720522853,997450001,1,307.45,Российский рубль,Москва,Исполнение,44
https://clearspending.ru/contract/2770191348118000040,2770191348118000040,2018-02-13T00:00:00,Услуги по распределению электроэнергии,35.13.10.000,Услуги по распределению электроэнергии,-,-,-,-,307.45,усл. ед,307.45,1.0,"ГОСУДАРСТВЕННОЕ БЮДЖЕТНОЕ УЧРЕЖДЕНИЕ ГОРОДА МОСКВЫ ""ГОРОДСКАЯ РЕКЛАМА И ИНФОРМАЦИЯ""",7701913481,772601001,"АО ""ОЭК""",7720522853,997450001,1,307.45,Российский рубль,Москва,Исполнение,44
https://clearspending.ru/contract/2770191348118000042,2770191348118000042,2018-02-13T00:00:00,Услуги по распределению электроэнергии,35.13.10.000,Услуги по распределению электроэнергии,-,-,-,-,307.45,усл. ед,307.45,1.0,"ГОСУДАРСТВЕННОЕ БЮДЖЕТНОЕ УЧРЕЖДЕНИЕ ГОРОДА МОСКВЫ ""ГОРОДСКАЯ РЕКЛАМА И ИНФОРМАЦИЯ""",7701913481,772601001,"АО ""ОЭК""",7720522853,997450001,1,307.45,Российский рубль,Москва,Исполнение,44
https://clearspending.ru/contract/2770191348118000043,2770191348118000043,2018-02-13T00:00:00,Услуги по распределению электроэнергии,35.13.10.000,Услуги по распределению электроэнергии,-,-,-,-,307.45,усл. ед,307.45,1.0,"ГОСУДАРСТВЕННОЕ БЮДЖЕТНОЕ УЧРЕЖДЕНИЕ ГОРОДА МОСКВЫ ""ГОРОДСКАЯ РЕКЛАМА И ИНФОРМАЦИЯ""",7701913481,772601001,"АО ""ОЭК""",7720522853,997450001,1,307.45,Российский рубль,Москва,Исполнение,44
https://clearspending.ru/contract/2770191348118000044,2770191348118000044,2018-02-13T00:00:00,Услуги по распределению электроэнергии,35.13.10.000,Услуги по распределению электроэнергии,-,-,-,-,307.45,усл. ед,307.45,1.0,"ГОСУДАРСТВЕННОЕ БЮДЖЕТНОЕ УЧРЕЖДЕНИЕ ГОРОДА МОСКВЫ ""ГОРОДСКАЯ РЕКЛАМА И ИНФОРМАЦИЯ""",7701913481,772601001,"АО ""ОЭК""",7720522853,997450001,1,307.45,Российский рубль,Москва,Исполнение,44
https://clearspending.ru/contract/2770191348118000045,2770191348118000045,2018-02-13T00:00:00,Услуги по распределению электроэнергии,35.13.10.000,Услуги по распределению электроэнергии,-,-,-,-,307.45,усл. ед,307.45,1.0,"ГОСУДАРСТВЕННОЕ БЮДЖЕТНОЕ УЧРЕЖДЕНИЕ ГОРОДА МОСКВЫ ""ГОРОДСКАЯ РЕКЛАМА И ИНФОРМАЦИЯ""",7701913481,772601001,"АО ""ОЭК""",7720522853,997450001,1,307.45,Российский рубль,Москва,Исполнение,44
https://clearspending.ru/contract/2770191348118000046,2770191348118000046,2018-02-13T00:00:00,Услуги по распределению электроэнергии,35.13.10.000,Услуги по распределению электроэнергии,-,-,-,-,307.45,усл. ед,307.45,1.0,"ГОСУДАРСТВЕННОЕ БЮДЖЕТНОЕ УЧРЕЖДЕНИЕ ГОРОДА МОСКВЫ ""ГОРОДСКАЯ РЕКЛАМА И ИНФОРМАЦИЯ""",7701913481,772601001,"АО ""ОЭК""",7720522853,997450001,1,307.45,Российский рубль,Москва,Исполнение,44
https://clearspending.ru/contract/2770191348118000047,2770191348118000047,2018-02-13T00:00:00,Услуги по распределению электроэнергии,35.13.10.000,Услуги по распределению электроэнергии,-,-,-,-,307.45,усл. ед,307.45,1.0,"ГОСУДАРСТВЕННОЕ БЮДЖЕТНОЕ УЧРЕЖДЕНИЕ ГОРОДА МОСКВЫ ""ГОРОДСКАЯ РЕКЛАМА И ИНФОРМАЦИЯ""",7701913481,772601001,"АО ""ОЭК""",7720522853,997450001,1,307.45,Российский рубль,Москва,Исполнение,44
https://clearspending.ru/contract/2770191348118000048,2770191348118000048,2018-02-13T00:00:00,Услуги по распределению электроэнергии,35.13.10.000,Услуги по распределению электроэнергии,-,-,-,-,307.45,усл. ед,307.45,1.0,"ГОСУДАРСТВЕННОЕ БЮДЖЕТНОЕ УЧРЕЖДЕНИЕ ГОРОДА МОСКВЫ ""ГОРОДСКАЯ РЕКЛАМА И ИНФОРМАЦИЯ""",7701913481,772601001,"АО ""ОЭК""",7720522853,997450001,1,307.45,Российский рубль,Москва,Исполнение,44
https://clearspending.ru/contract/2770191348118000041,2770191348118000041,2018-02-13T00:00:00,Услуги по распределению электроэнергии,35.13.10.000,Услуги по распределению электроэнергии,-,-,-,-,307.45,усл. ед,307.45,1.0,"ГОСУДАРСТВЕННОЕ БЮДЖЕТНОЕ УЧРЕЖДЕНИЕ ГОРОДА МОСКВЫ ""ГОРОДСКАЯ РЕКЛАМА И ИНФОРМАЦИЯ""",7701913481,772601001,"АО ""ОЭК""",7720522853,997450001,1,307.45,Российский рубль,Москва,Исполнение,44
https://clearspending.ru/contract/2770191348118000095,2770191348118000095,2018-02-16T00:00:00,Услуги по распределению электроэнергии,35.13.10.000,Услуги по распределению электроэнергии,-,-,-,-,307.45,усл. ед,307.45,1.0,"ГОСУДАРСТВЕННОЕ БЮДЖЕТНОЕ УЧРЕЖДЕНИЕ ГОРОДА МОСКВЫ ""ГОРОДСКАЯ РЕКЛАМА И ИНФОРМАЦИЯ""",7701913481,772601001,"АО ""ОЭК""",7720522853,997450001,1,307.45,Российский рубль,Москва,Исполнение,44
https://clearspending.ru/contract/2770191348118000094,2770191348118000094,2018-02-16T00:00:00,Услуги по распределению электроэнергии,35.13.10.000,Услуги по распределению электроэнергии,-,-,-,-,307.45,усл. ед,307.45,1.0,"ГОСУДАРСТВЕННОЕ БЮДЖЕТНОЕ УЧРЕЖДЕНИЕ ГОРОДА МОСКВЫ ""ГОРОДСКАЯ РЕКЛАМА И ИНФОРМАЦИЯ""",7701913481,772601001,"АО ""ОЭК""",7720522853,997450001,1,307.45,Российский рубль,Москва,Исполнение,44
https://clearspending.ru/contract/2770191348118000092,2770191348118000092,2018-02-16T00:00:00,Услуги по распределению электроэнергии,35.13.10.000,Услуги по распределению электроэнергии,-,-,-,-,307.45,усл. ед,307.45,1.0,"ГОСУДАРСТВЕННОЕ БЮДЖЕТНОЕ УЧРЕЖДЕНИЕ ГОРОДА МОСКВЫ ""ГОРОДСКАЯ РЕКЛАМА И ИНФОРМАЦИЯ""",7701913481,772601001,"АО ""ОЭК""",7720522853,997450001,1,307.45,Российский рубль,Москва,Исполнение,44
https://clearspending.ru/contract/2770191348118000091,2770191348118000091,2018-02-16T00:00:00,Услуги по распределению электроэнергии,35.13.10.000,Услуги по распределению электроэнергии,-,-,-,-,307.45,усл. ед,307.45,1.0,"ГОСУДАРСТВЕННОЕ БЮДЖЕТНОЕ УЧРЕЖДЕНИЕ ГОРОДА МОСКВЫ ""ГОРОДСКАЯ РЕКЛАМА И ИНФОРМАЦИЯ""",7701913481,772601001,"АО ""ОЭК""",7720522853,997450001,1,307.45,Российский рубль,Москва,Исполнение,44
https://clearspending.ru/contract/2770191348118000090,2770191348118000090,2018-02-16T00:00:00,Услуги по распределению электроэнергии,35.13.10.000,Услуги по распределению электроэнергии,-,-,-,-,307.45,усл. ед,307.45,1.0,"ГОСУДАРСТВЕННОЕ БЮДЖЕТНОЕ УЧРЕЖДЕНИЕ ГОРОДА МОСКВЫ ""ГОРОДСКАЯ РЕКЛАМА И ИНФОРМАЦИЯ""",7701913481,772601001,"АО ""ОЭК""",7720522853,997450001,1,307.45,Российский рубль,Москва,Исполнение,44
https://clearspending.ru/contract/2770191348118000089,2770191348118000089,2018-02-16T00:00:00,Услуги по распределению электроэнергии,35.13.10.000,Услуги по распределению электроэнергии,-,-,-,-,307.45,усл. ед,307.45,1.0,"ГОСУДАРСТВЕННОЕ БЮДЖЕТНОЕ УЧРЕЖДЕНИЕ ГОРОДА МОСКВЫ ""ГОРОДСКАЯ РЕКЛАМА И ИНФОРМАЦИЯ""",7701913481,772601001,"АО ""ОЭК""",7720522853,997450001,1,307.45,Российский рубль,Москва,Исполнение,44
https://clearspending.ru/contract/2770191348118000088,2770191348118000088,2018-02-16T00:00:00,Услуги по распределению электроэнергии,35.13.10.000,Услуги по распределению электроэнергии,-,-,-,-,307.45,усл. ед,307.45,1.0,"ГОСУДАРСТВЕННОЕ БЮДЖЕТНОЕ УЧРЕЖДЕНИЕ ГОРОДА МОСКВЫ ""ГОРОДСКАЯ РЕКЛАМА И ИНФОРМАЦИЯ""",7701913481,772601001,"АО ""ОЭК""",7720522853,997450001,1,307.45,Российский рубль,Москва,Исполнение,44
https://clearspending.ru/contract/2770191348118000087,2770191348118000087,2018-02-16T00:00:00,Услуги по распределению электроэнергии,35.13.10.000,Услуги по распределению электроэнергии,-,-,-,-,307.45,усл. ед,307.45,1.0,"ГОСУДАРСТВЕННОЕ БЮДЖЕТНОЕ УЧРЕЖДЕНИЕ ГОРОДА МОСКВЫ ""ГОРОДСКАЯ РЕКЛАМА И ИНФОРМАЦИЯ""",7701913481,772601001,"АО ""ОЭК""",7720522853,997450001,1,307.45,Российский рубль,Москва,Исполнение,44
https://clearspending.ru/contract/2770191348118000086,2770191348118000086,2018-02-16T00:00:00,Услуги по распределению электроэнергии,35.13.10.000,Услуги по распределению электроэнергии,-,-,-,-,307.45,усл. ед,307.45,1.0,"ГОСУДАРСТВЕННОЕ БЮДЖЕТНОЕ УЧРЕЖДЕНИЕ ГОРОДА МОСКВЫ ""ГОРОДСКАЯ РЕКЛАМА И ИНФОРМАЦИЯ""",7701913481,772601001,"АО ""ОЭК""",7720522853,997450001,1,307.45,Российский рубль,Москва,Исполнение,44
https://clearspending.ru/contract/2770191348118000085,2770191348118000085,2018-02-16T00:00:00,Услуги по распределению электроэнергии,35.13.10.000,Услуги по распределению электроэнергии,-,-,-,-,307.45,усл. ед,307.45,1.0,"ГОСУДАРСТВЕННОЕ БЮДЖЕТНОЕ УЧРЕЖДЕНИЕ ГОРОДА МОСКВЫ ""ГОРОДСКАЯ РЕКЛАМА И ИНФОРМАЦИЯ""",7701913481,772601001,"АО ""ОЭК""",7720522853,997450001,1,307.45,Российский рубль,Москва,Исполнение,44
https://clearspending.ru/contract/2770191348118000084,2770191348118000084,2018-02-16T00:00:00,Услуги по распределению электроэнергии,35.13.10.000,Услуги по распределению электроэнергии,-,-,-,-,307.45,усл. ед,307.45,1.0,"ГОСУДАРСТВЕННОЕ БЮДЖЕТНОЕ УЧРЕЖДЕНИЕ ГОРОДА МОСКВЫ ""ГОРОДСКАЯ РЕКЛАМА И ИНФОРМАЦИЯ""",7701913481,772601001,"АО ""ОЭК""",7720522853,997450001,1,307.45,Российский рубль,Москва,Исполнение,44
https://clearspending.ru/contract/2770191348118000083,2770191348118000083,2018-02-16T00:00:00,Услуги по распределению электроэнергии,35.13.10.000,Услуги по распределению электроэнергии,-,-,-,-,307.45,усл. ед,307.45,1.0,"ГОСУДАРСТВЕННОЕ БЮДЖЕТНОЕ УЧРЕЖДЕНИЕ ГОРОДА МОСКВЫ ""ГОРОДСКАЯ РЕКЛАМА И ИНФОРМАЦИЯ""",7701913481,772601001,"АО ""ОЭК""",7720522853,997450001,1,307.45,Российский рубль,Москва,Исполнение,44
https://clearspending.ru/contract/2770191348118000082,2770191348118000082,2018-02-16T00:00:00,Услуги по распределению электроэнергии,35.13.10.000,Услуги по распределению электроэнергии,-,-,-,-,307.45,усл. ед,307.45,1.0,"ГОСУДАРСТВЕННОЕ БЮДЖЕТНОЕ УЧРЕЖДЕНИЕ ГОРОДА МОСКВЫ ""ГОРОДСКАЯ РЕКЛАМА И ИНФОРМАЦИЯ""",7701913481,772601001,"АО ""ОЭК""",7720522853,997450001,1,307.45,Российский рубль,Москва,Исполнение,44
https://clearspending.ru/contract/2770191348118000081,2770191348118000081,2018-02-16T00:00:00,Услуги по распределению электроэнергии,35.13.10.000,Услуги по распределению электроэнергии,-,-,-,-,307.45,усл. ед,307.45,1.0,"ГОСУДАРСТВЕННОЕ БЮДЖЕТНОЕ УЧРЕЖДЕНИЕ ГОРОДА МОСКВЫ ""ГОРОДСКАЯ РЕКЛАМА И ИНФОРМАЦИЯ""",7701913481,772601001,"АО ""ОЭК""",7720522853,997450001,1,307.45,Российский рубль,Москва,Исполнение,44
https://clearspending.ru/contract/2770191348118000080,2770191348118000080,2018-02-16T00:00:00,Услуги по распределению электроэнергии,35.13.10.000,Услуги по распределению электроэнергии,-,-,-,-,307.45,усл. ед,307.45,1.0,"ГОСУДАРСТВЕННОЕ БЮДЖЕТНОЕ УЧРЕЖДЕНИЕ ГОРОДА МОСКВЫ ""ГОРОДСКАЯ РЕКЛАМА И ИНФОРМАЦИЯ""",7701913481,772601001,"АО ""ОЭК""",7720522853,997450001,1,307.45,Российский рубль,Москва,Исполнение,44
https://clearspending.ru/contract/2770191348118000079,2770191348118000079,2018-02-16T00:00:00,Услуги по распределению электроэнергии,35.13.10.000,Услуги по распределению электроэнергии,-,-,-,-,307.45,усл. ед,307.45,1.0,"ГОСУДАРСТВЕННОЕ БЮДЖЕТНОЕ УЧРЕЖДЕНИЕ ГОРОДА МОСКВЫ ""ГОРОДСКАЯ РЕКЛАМА И ИНФОРМАЦИЯ""",7701913481,772601001,"АО ""ОЭК""",7720522853,997450001,1,307.45,Российский рубль,Москва,Исполнение,44
https://clearspending.ru/contract/2770191348118000078,2770191348118000078,2018-02-16T00:00:00,Услуги по распределению электроэнергии,35.13.10.000,Услуги по распределению электроэнергии,-,-,-,-,307.45,усл. ед,307.45,1.0,"ГОСУДАРСТВЕННОЕ БЮДЖЕТНОЕ УЧРЕЖДЕНИЕ ГОРОДА МОСКВЫ ""ГОРОДСКАЯ РЕКЛАМА И ИНФОРМАЦИЯ""",7701913481,772601001,"АО ""ОЭК""",7720522853,997450001,1,307.45,Российский рубль,Москва,Исполнение,44
https://clearspending.ru/contract/2770191348118000077,2770191348118000077,2018-02-16T00:00:00,Услуги по распределению электроэнергии,35.13.10.000,Услуги по распределению электроэнергии,-,-,-,-,307.45,усл. ед,307.45,1.0,"ГОСУДАРСТВЕННОЕ БЮДЖЕТНОЕ УЧРЕЖДЕНИЕ ГОРОДА МОСКВЫ ""ГОРОДСКАЯ РЕКЛАМА И ИНФОРМАЦИЯ""",7701913481,772601001,"АО ""ОЭК""",7720522853,997450001,1,307.45,Российский рубль,Москва,Исполнение,44
https://clearspending.ru/contract/2770191348118000075,2770191348118000075,2018-02-16T00:00:00,Услуги по распределению электроэнергии,35.13.10.000,Услуги по распределению электроэнергии,-,-,-,-,307.45,усл. ед,307.45,1.0,"ГОСУДАРСТВЕННОЕ БЮДЖЕТНОЕ УЧРЕЖДЕНИЕ ГОРОДА МОСКВЫ ""ГОРОДСКАЯ РЕКЛАМА И ИНФОРМАЦИЯ""",7701913481,772601001,"АО ""ОЭК""",7720522853,997450001,1,307.45,Российский рубль,Москва,Исполнение,44
https://clearspending.ru/contract/2770191348118000050,2770191348118000050,2018-02-15T00:00:00,Услуги по распределению электроэнергии,35.13.10.000,Услуги по распределению электроэнергии,-,-,-,-,307.45,усл. ед,307.45,1.0,"ГОСУДАРСТВЕННОЕ БЮДЖЕТНОЕ УЧРЕЖДЕНИЕ ГОРОДА МОСКВЫ ""ГОРОДСКАЯ РЕКЛАМА И ИНФОРМАЦИЯ""",7701913481,772601001,"АО ""ОЭК""",7720522853,997450001,1,307.45,Российский рубль,Москва,Исполнение,44
https://clearspending.ru/contract/2770191348118000051,2770191348118000051,2018-02-15T00:00:00,Услуги по распределению электроэнергии,35.13.10.000,Услуги по распределению электроэнергии,-,-,-,-,307.45,усл. ед,307.45,1.0,"ГОСУДАРСТВЕННОЕ БЮДЖЕТНОЕ УЧРЕЖДЕНИЕ ГОРОДА МОСКВЫ ""ГОРОДСКАЯ РЕКЛАМА И ИНФОРМАЦИЯ""",7701913481,772601001,"АО ""ОЭК""",7720522853,997450001,1,307.45,Российский рубль,Москва,Исполнение,44
https://clearspending.ru/contract/2770191348118000052,2770191348118000052,2018-02-15T00:00:00,Услуги по распределению электроэнергии,35.13.10.000,Услуги по распределению электроэнергии,-,-,-,-,307.45,усл. ед,307.45,1.0,"ГОСУДАРСТВЕННОЕ БЮДЖЕТНОЕ УЧРЕЖДЕНИЕ ГОРОДА МОСКВЫ ""ГОРОДСКАЯ РЕКЛАМА И ИНФОРМАЦИЯ""",7701913481,772601001,"АО ""ОЭК""",7720522853,997450001,1,307.45,Российский рубль,Москва,Исполнение,44
https://clearspending.ru/contract/2770191348118000053,2770191348118000053,2018-02-15T00:00:00,Услуги по распределению электроэнергии,35.13.10.000,Услуги по распределению электроэнергии,-,-,-,-,307.45,усл. ед,307.45,1.0,"ГОСУДАРСТВЕННОЕ БЮДЖЕТНОЕ УЧРЕЖДЕНИЕ ГОРОДА МОСКВЫ ""ГОРОДСКАЯ РЕКЛАМА И ИНФОРМАЦИЯ""",7701913481,772601001,"АО ""ОЭК""",7720522853,997450001,1,307.45,Российский рубль,Москва,Исполнение,44
https://clearspending.ru/contract/2770191348118000055,2770191348118000055,2018-02-15T00:00:00,Услуги по распределению электроэнергии,35.13.10.000,Услуги по распределению электроэнергии,-,-,-,-,307.45,усл. ед,307.45,1.0,"ГОСУДАРСТВЕННОЕ БЮДЖЕТНОЕ УЧРЕЖДЕНИЕ ГОРОДА МОСКВЫ ""ГОРОДСКАЯ РЕКЛАМА И ИНФОРМАЦИЯ""",7701913481,772601001,"АО ""ОЭК""",7720522853,997450001,1,307.45,Российский рубль,Москва,Исполнение,44
https://clearspending.ru/contract/2770191348118000056,2770191348118000056,2018-02-15T00:00:00,Услуги по распределению электроэнергии,35.13.10.000,Услуги по распределению электроэнергии,-,-,-,-,307.45,усл. ед,307.45,1.0,"ГОСУДАРСТВЕННОЕ БЮДЖЕТНОЕ УЧРЕЖДЕНИЕ ГОРОДА МОСКВЫ ""ГОРОДСКАЯ РЕКЛАМА И ИНФОРМАЦИЯ""",7701913481,772601001,"АО ""ОЭК""",7720522853,997450001,1,307.45,Российский рубль,Москва,Исполнение,44
https://clearspending.ru/contract/2770191348118000064,2770191348118000064,2018-02-15T00:00:00,Услуги по распределению электроэнергии,35.13.10.000,Услуги по распределению электроэнергии,-,-,-,-,307.45,усл. ед,307.45,1.0,"ГОСУДАРСТВЕННОЕ БЮДЖЕТНОЕ УЧРЕЖДЕНИЕ ГОРОДА МОСКВЫ ""ГОРОДСКАЯ РЕКЛАМА И ИНФОРМАЦИЯ""",7701913481,772601001,"АО ""ОЭК""",7720522853,997450001,1,307.45,Российский рубль,Москва,Исполнение,44
https://clearspending.ru/contract/2770191348118000073,2770191348118000073,2018-02-15T00:00:00,Услуги по распределению электроэнергии,35.13.10.000,Услуги по распределению электроэнергии,-,-,-,-,307.45,усл. ед,307.45,1.0,"ГОСУДАРСТВЕННОЕ БЮДЖЕТНОЕ УЧРЕЖДЕНИЕ ГОРОДА МОСКВЫ ""ГОРОДСКАЯ РЕКЛАМА И ИНФОРМАЦИЯ""",7701913481,772601001,"АО ""ОЭК""",7720522853,997450001,1,307.45,Российский рубль,Москва,Исполнение,44
https://clearspending.ru/contract/2770191348118000071,2770191348118000071,2018-02-15T00:00:00,Услуги по распределению электроэнергии,35.13.10.000,Услуги по распределению электроэнергии,-,-,-,-,307.45,усл. ед,307.45,1.0,"ГОСУДАРСТВЕННОЕ БЮДЖЕТНОЕ УЧРЕЖДЕНИЕ ГОРОДА МОСКВЫ ""ГОРОДСКАЯ РЕКЛАМА И ИНФОРМАЦИЯ""",7701913481,772601001,"АО ""ОЭК""",7720522853,997450001,1,307.45,Российский рубль,Москва,Исполнение,44
https://clearspending.ru/contract/2770191348118000070,2770191348118000070,2018-02-15T00:00:00,Услуги по распределению электроэнергии,35.13.10.000,Услуги по распределению электроэнергии,-,-,-,-,307.45,усл. ед,307.45,1.0,"ГОСУДАРСТВЕННОЕ БЮДЖЕТНОЕ УЧРЕЖДЕНИЕ ГОРОДА МОСКВЫ ""ГОРОДСКАЯ РЕКЛАМА И ИНФОРМАЦИЯ""",7701913481,772601001,"АО ""ОЭК""",7720522853,997450001,1,307.45,Российский рубль,Москва,Исполнение,44
https://clearspending.ru/contract/2770191348118000069,2770191348118000069,2018-02-15T00:00:00,Услуги по распределению электроэнергии,35.13.10.000,Услуги по распределению электроэнергии,-,-,-,-,307.45,усл. ед,307.45,1.0,"ГОСУДАРСТВЕННОЕ БЮДЖЕТНОЕ УЧРЕЖДЕНИЕ ГОРОДА МОСКВЫ ""ГОРОДСКАЯ РЕКЛАМА И ИНФОРМАЦИЯ""",7701913481,772601001,"АО ""ОЭК""",7720522853,997450001,1,307.45,Российский рубль,Москва,Исполнение,44
https://clearspending.ru/contract/2770191348118000061,2770191348118000061,2018-02-15T00:00:00,Услуги по распределению электроэнергии,35.13.10.000,Услуги по распределению электроэнергии,-,-,-,-,307.45,усл. ед,307.45,1.0,"ГОСУДАРСТВЕННОЕ БЮДЖЕТНОЕ УЧРЕЖДЕНИЕ ГОРОДА МОСКВЫ ""ГОРОДСКАЯ РЕКЛАМА И ИНФОРМАЦИЯ""",7701913481,772601001,"АО ""ОЭК""",7720522853,997450001,1,307.45,Российский рубль,Москва,Исполнение,44
https://clearspending.ru/contract/2770191348118000058,2770191348118000058,2018-02-15T00:00:00,Услуги по распределению электроэнергии,35.13.10.000,Услуги по распределению электроэнергии,-,-,-,-,307.45,усл. ед,307.45,1.0,"ГОСУДАРСТВЕННОЕ БЮДЖЕТНОЕ УЧРЕЖДЕНИЕ ГОРОДА МОСКВЫ ""ГОРОДСКАЯ РЕКЛАМА И ИНФОРМАЦИЯ""",7701913481,772601001,"АО ""ОЭК""",7720522853,997450001,1,307.45,Российский рубль,Москва,Исполнение,44
https://clearspending.ru/contract/2770191348118000059,2770191348118000059,2018-02-15T00:00:00,Услуги по распределению электроэнергии,35.13.10.000,Услуги по распределению электроэнергии,-,-,-,-,307.45,усл. ед,307.45,1.0,"ГОСУДАРСТВЕННОЕ БЮДЖЕТНОЕ УЧРЕЖДЕНИЕ ГОРОДА МОСКВЫ ""ГОРОДСКАЯ РЕКЛАМА И ИНФОРМАЦИЯ""",7701913481,772601001,"АО ""ОЭК""",7720522853,997450001,1,307.45,Российский рубль,Москва,Исполнение,44
https://clearspending.ru/contract/2770191348118000063,2770191348118000063,2018-02-15T00:00:00,Услуги по распределению электроэнергии,35.13.10.000,Услуги по распределению электроэнергии,-,-,-,-,307.45,усл. ед,307.45,1.0,"ГОСУДАРСТВЕННОЕ БЮДЖЕТНОЕ УЧРЕЖДЕНИЕ ГОРОДА МОСКВЫ ""ГОРОДСКАЯ РЕКЛАМА И ИНФОРМАЦИЯ""",7701913481,772601001,"АО ""ОЭК""",7720522853,997450001,1,307.45,Российский рубль,Москва,Исполнение,44
https://clearspending.ru/contract/2770191348118000068,2770191348118000068,2018-02-15T00:00:00,Услуги по распределению электроэнергии,35.13.10.000,Услуги по распределению электроэнергии,-,-,-,-,307.45,усл. ед,307.45,1.0,"ГОСУДАРСТВЕННОЕ БЮДЖЕТНОЕ УЧРЕЖДЕНИЕ ГОРОДА МОСКВЫ ""ГОРОДСКАЯ РЕКЛАМА И ИНФОРМАЦИЯ""",7701913481,772601001,"АО ""ОЭК""",7720522853,997450001,1,307.45,Российский рубль,Москва,Исполнение,44
https://clearspending.ru/contract/2770191348118000060,2770191348118000060,2018-02-15T00:00:00,Услуги по распределению электроэнергии,35.13.10.000,Услуги по распределению электроэнергии,-,-,-,-,307.45,усл. ед,307.45,1.0,"ГОСУДАРСТВЕННОЕ БЮДЖЕТНОЕ УЧРЕЖДЕНИЕ ГОРОДА МОСКВЫ ""ГОРОДСКАЯ РЕКЛАМА И ИНФОРМАЦИЯ""",7701913481,772601001,"АО ""ОЭК""",7720522853,997450001,1,307.45,Российский рубль,Москва,Исполнение,44
https://clearspending.ru/contract/2770191348118000062,2770191348118000062,2018-02-15T00:00:00,Услуги по распределению электроэнергии,35.13.10.000,Услуги по распределению электроэнергии,-,-,-,-,307.45,усл. ед,307.45,1.0,"ГОСУДАРСТВЕННОЕ БЮДЖЕТНОЕ УЧРЕЖДЕНИЕ ГОРОДА МОСКВЫ ""ГОРОДСКАЯ РЕКЛАМА И ИНФОРМАЦИЯ""",7701913481,772601001,"АО ""ОЭК""",7720522853,997450001,1,307.45,Российский рубль,Москва,Исполнение,44
https://clearspending.ru/contract/2770191348118000067,2770191348118000067,2018-02-15T00:00:00,Услуги по распределению электроэнергии,35.13.10.000,Услуги по распределению электроэнергии,-,-,-,-,307.45,усл. ед,307.45,1.0,"ГОСУДАРСТВЕННОЕ БЮДЖЕТНОЕ УЧРЕЖДЕНИЕ ГОРОДА МОСКВЫ ""ГОРОДСКАЯ РЕКЛАМА И ИНФОРМАЦИЯ""",7701913481,772601001,"АО ""ОЭК""",7720522853,997450001,1,307.45,Российский рубль,Москва,Исполнение,44
https://clearspending.ru/contract/2770191348118000072,2770191348118000072,2018-02-15T00:00:00,Услуги по распределению электроэнергии,35.13.10.000,Услуги по распределению электроэнергии,-,-,-,-,307.45,усл. ед,307.45,1.0,"ГОСУДАРСТВЕННОЕ БЮДЖЕТНОЕ УЧРЕЖДЕНИЕ ГОРОДА МОСКВЫ ""ГОРОДСКАЯ РЕКЛАМА И ИНФОРМАЦИЯ""",7701913481,772601001,"АО ""ОЭК""",7720522853,997450001,1,307.45,Российский рубль,Москва,Исполнение,44
https://clearspending.ru/contract/2770191348118000065,2770191348118000065,2018-02-15T00:00:00,Услуги по распределению электроэнергии,35.13.10.000,Услуги по распределению электроэнергии,-,-,-,-,307.45,усл. ед,307.45,1.0,"ГОСУДАРСТВЕННОЕ БЮДЖЕТНОЕ УЧРЕЖДЕНИЕ ГОРОДА МОСКВЫ ""ГОРОДСКАЯ РЕКЛАМА И ИНФОРМАЦИЯ""",7701913481,772601001,"АО ""ОЭК""",7720522853,997450001,1,307.45,Российский рубль,Москва,Исполнение,44
https://clearspending.ru/contract/2770191348118000066,2770191348118000066,2018-02-15T00:00:00,Услуги по распределению электроэнергии,35.13.10.000,Услуги по распределению электроэнергии,-,-,-,-,307.45,усл. ед,307.45,1.0,"ГОСУДАРСТВЕННОЕ БЮДЖЕТНОЕ УЧРЕЖДЕНИЕ ГОРОДА МОСКВЫ ""ГОРОДСКАЯ РЕКЛАМА И ИНФОРМАЦИЯ""",7701913481,772601001,"АО ""ОЭК""",7720522853,997450001,1,307.45,Российский рубль,Москва,Исполнение,44
https://clearspending.ru/contract/2770191348118000097,2770191348118000097,2018-02-16T00:00:00,Услуги по распределению электроэнергии,35.13.10.000,Услуги по распределению электроэнергии,-,-,-,-,307.45,усл. ед,307.45,1.0,"ГОСУДАРСТВЕННОЕ БЮДЖЕТНОЕ УЧРЕЖДЕНИЕ ГОРОДА МОСКВЫ ""ГОРОДСКАЯ РЕКЛАМА И ИНФОРМАЦИЯ""",7701913481,772601001,"АО ""ОЭК""",7720522853,997450001,1,307.45,Российский рубль,Москва,Исполнение,44
https://clearspending.ru/contract/1770540134018001416,1770540134018001416,2018-01-31T00:00:00,Услуги по транспортированию и распределению воды по водопроводам,36.00.20.130,Услуги по транспортированию и распределению воды по водопроводам,-,-,-,-,28.06,м[3*],307.26,10.95,"ФЕДЕРАЛЬНОЕ ГОСУДАРСТВЕННОЕ БЮДЖЕТНОЕ УЧРЕЖДЕНИЕ ""ФЕДЕРАЛЬНАЯ КАДАСТРОВАЯ ПАЛАТА ФЕДЕРАЛЬНОЙ СЛУЖБЫ ГОСУДАРСТВЕННОЙ РЕГИСТРАЦИИ, КАДАСТРА И КАРТОГРАФИИ""",7705401340,770801001,"ОБЩЕСТВО С ОГРАНИЧЕННОЙ ОТВЕТСТВЕННОСТЬЮ ""ЖКХ-ПАВЛОВСК""",2261000859,226101001,1,307.26,Российский рубль,Москва,Исполнение,44
https://clearspending.ru/contract/1770540134018001387,1770540134018001387,2018-01-31T00:00:00,Услуги по транспортированию и распределению воды по водопроводам,36.00.20.130,Услуги по транспортированию и распределению воды по водопроводам,-,-,-,-,27.3,м[3*],306.03,11.21,"ФЕДЕРАЛЬНОЕ ГОСУДАРСТВЕННОЕ БЮДЖЕТНОЕ УЧРЕЖДЕНИЕ ""ФЕДЕРАЛЬНАЯ КАДАСТРОВАЯ ПАЛАТА ФЕДЕРАЛЬНОЙ СЛУЖБЫ ГОСУДАРСТВЕННОЙ РЕГИСТРАЦИИ, КАДАСТРА И КАРТОГРАФИИ""",7705401340,770801001,"МУНИЦИПАЛЬНОЕ УНИТАРНОЕ ПРЕДПРИЯТИЕ ""КОСИХИНСКИЕ РАЙОННЫЕ КОММУНАЛЬНЫЕ СИСТЕМЫ""",2249011276,224901001,1,306.03,Российский рубль,Москва,Исполнение,44
https://clearspending.ru/contract/2770203815018000143,2770203815018000143,2018-01-31T00:00:00,Услуги по подключению (технологическому присоединению) к централизованной системе водоотведения,37.00.11.130,Услуги по подключению (технологическому присоединению) к централизованной системе водоотведения,-,-,-,-,268.05,усл. ед,268.05,1.0,"ГОСУДАРСТВЕННОЕ УНИТАРНОЕ ПРЕДПРИЯТИЕ ГОРОДА МОСКВЫ ""МОСКОВСКИЙ ОРДЕНА ЛЕНИНА И ОРДЕНА ТРУДОВОГО КРАСНОГО ЗНАМЕНИ МЕТРОПОЛИТЕН ИМЕНИ В.И.ЛЕНИНА""",7702038150,770201001,"АО ""МОСВОДОКАНАЛ""",7701984274,774850001,1,268.05,Российский рубль,Москва,Исполнение,44
https://clearspending.ru/contract/1770540134018001379,1770540134018001379,2018-01-30T00:00:00,Вода непитьевая,36.00.12.000,Вода непитьевая,-,-,-,-,257.83,усл. ед,257.83,1.0,"ФЕДЕРАЛЬНОЕ ГОСУДАРСТВЕННОЕ БЮДЖЕТНОЕ УЧРЕЖДЕНИЕ ""ФЕДЕРАЛЬНАЯ КАДАСТРОВАЯ ПАЛАТА ФЕДЕРАЛЬНОЙ СЛУЖБЫ ГОСУДАРСТВЕННОЙ РЕГИСТРАЦИИ, КАДАСТРА И КАРТОГРАФИИ""",7705401340,770801001,"ОБЩЕСТВО С ОГРАНИЧЕННОЙ ОТВЕТСТВЕННОСТЬЮ ""ВОДОКОМПЛЕКС""",6917003035,691701001,1,257.83,Российский рубль,Москва,Исполнение,44
https://clearspending.ru/contract/1770540134018001486,1770540134018001486,2018-01-31T00:00:00,Услуги по транспортированию и распределению воды по водопроводам,36.00.20.130,Услуги по транспортированию и распределению воды по водопроводам,-,-,-,-,27.45,м[3*],256.38,9.34,"ФЕДЕРАЛЬНОЕ ГОСУДАРСТВЕННОЕ БЮДЖЕТНОЕ УЧРЕЖДЕНИЕ ""ФЕДЕРАЛЬНАЯ КАДАСТРОВАЯ ПАЛАТА ФЕДЕРАЛЬНОЙ СЛУЖБЫ ГОСУДАРСТВЕННОЙ РЕГИСТРАЦИИ, КАДАСТРА И КАРТОГРАФИИ""",7705401340,770801001,"ОБЩЕСТВО С ОГРАНИЧЕННОЙ ОТВЕТСТВЕННОСТЬЮ ""ВОД-СЕРВИС""",2258005222,225801001,1,256.38,Российский рубль,Москва,Исполнение,44
https://clearspending.ru/contract/1770540134018001535,1770540134018001535,2018-02-12T00:00:00,Водоотведение,37.00.11.120,Услуги по транспортированию сточных вод,-,-,-,-,49.72,м[3*],253.57,5.1,"ФЕДЕРАЛЬНОЕ ГОСУДАРСТВЕННОЕ БЮДЖЕТНОЕ УЧРЕЖДЕНИЕ ""ФЕДЕРАЛЬНАЯ КАДАСТРОВАЯ ПАЛАТА ФЕДЕРАЛЬНОЙ СЛУЖБЫ ГОСУДАРСТВЕННОЙ РЕГИСТРАЦИИ, КАДАСТРА И КАРТОГРАФИИ""",7705401340,770801001,"ОБЩЕСТВО С ОГРАНИЧЕННОЙ ОТВЕТСТВЕННОСТЬЮ ""СЕВЕРНАЯ ТЕПЛОВАЯ  КОМПАНИЯ""",7023005209,702301001,1,253.57,Российский рубль,Москва,Исполнение,44
https://clearspending.ru/contract/1770540134018001513,1770540134018001513,2018-02-08T00:00:00,Услуги по транспортированию и распределению воды по водопроводам,36.00.20.130,Услуги по транспортированию и распределению воды по водопроводам,-,-,-,-,33.16,м[3*],252.35,7.61,"ФЕДЕРАЛЬНОЕ ГОСУДАРСТВЕННОЕ БЮДЖЕТНОЕ УЧРЕЖДЕНИЕ ""ФЕДЕРАЛЬНАЯ КАДАСТРОВАЯ ПАЛАТА ФЕДЕРАЛЬНОЙ СЛУЖБЫ ГОСУДАРСТВЕННОЙ РЕГИСТРАЦИИ, КАДАСТРА И КАРТОГРАФИИ""",7705401340,770801001,"ОБЩЕСТВО С ОГРАНИЧЕННОЙ ОТВЕТСТВЕННОСТЬЮ ""РЕСУРСО-СНАБЖАЮЩИЙ УЧАСТОК+""",2279007090,227901001,1,252.35,Российский рубль,Москва,Исполнение,44
https://clearspending.ru/contract/1770540134018001541,1770540134018001541,2018-02-12T00:00:00,Водоотведение,37.00.11.120,Услуги по транспортированию сточных вод,-,-,-,-,23.61,м[3*],236.1,10.0,"ФЕДЕРАЛЬНОЕ ГОСУДАРСТВЕННОЕ БЮДЖЕТНОЕ УЧРЕЖДЕНИЕ ""ФЕДЕРАЛЬНАЯ КАДАСТРОВАЯ ПАЛАТА ФЕДЕРАЛЬНОЙ СЛУЖБЫ ГОСУДАРСТВЕННОЙ РЕГИСТРАЦИИ, КАДАСТРА И КАРТОГРАФИИ""",7705401340,770801001,"Общество с ограниченной ответственностью ""Водоканал - 2""",7007010120,700701001,1,236.1,Российский рубль,Москва,Исполнение,44
https://clearspending.ru/contract/1770540134018001411,1770540134018001411,2018-01-31T00:00:00,Услуги по транспортированию и распределению воды по водопроводам,36.00.20.130,Услуги по транспортированию и распределению воды по водопроводам,-,-,-,-,30.13,м[3*],232.0,7.7,"ФЕДЕРАЛЬНОЕ ГОСУДАРСТВЕННОЕ БЮДЖЕТНОЕ УЧРЕЖДЕНИЕ ""ФЕДЕРАЛЬНАЯ КАДАСТРОВАЯ ПАЛАТА ФЕДЕРАЛЬНОЙ СЛУЖБЫ ГОСУДАРСТВЕННОЙ РЕГИСТРАЦИИ, КАДАСТРА И КАРТОГРАФИИ""",7705401340,770801001,"МУНИЦИПАЛЬНОЕ УНИТАРНОЕ ПРЕДПРИЯТИЕ ""ВОЛЧИХИНСКОЕ""",2238005175,223801001,1,232.0,Российский рубль,Москва,Исполнение,44
https://clearspending.ru/contract/1770540134018001554,1770540134018001554,2018-02-14T00:00:00,"Услуги по торговле водой, поставляемой по трубопроводам",36.00.30.000,"Услуги по торговле водой, поставляемой по трубопроводам",-,-,-,-,227.63,усл. ед,227.63,1.0,"ФЕДЕРАЛЬНОЕ ГОСУДАРСТВЕННОЕ БЮДЖЕТНОЕ УЧРЕЖДЕНИЕ ""ФЕДЕРАЛЬНАЯ КАДАСТРОВАЯ ПАЛАТА ФЕДЕРАЛЬНОЙ СЛУЖБЫ ГОСУДАРСТВЕННОЙ РЕГИСТРАЦИИ, КАДАСТРА И КАРТОГРАФИИ""",7705401340,770801001,"МУНИЦИПАЛЬНОЕ УНИТАРНОЕ ПРЕДПРИЯТИЕ ""ГОРОДСКИЕ ТЕПЛОВЫЕ СЕТИ"" МУНИЦИПАЛЬНОГО ОБРАЗОВАНИЯ ""ГОРОД КУРЧАТОВ""",4634002573,463401001,1,227.63,Российский рубль,Москва,Исполнение,44
https://clearspending.ru/contract/1770540134018001349,1770540134018001349,2018-01-31T00:00:00,Услуги по транспортированию сточных вод,37.00.11.120,Услуги по транспортированию сточных вод,-,-,-,-,100.19,м[3*],223.42,2.23,"ФЕДЕРАЛЬНОЕ ГОСУДАРСТВЕННОЕ БЮДЖЕТНОЕ УЧРЕЖДЕНИЕ ""ФЕДЕРАЛЬНАЯ КАДАСТРОВАЯ ПАЛАТА ФЕДЕРАЛЬНОЙ СЛУЖБЫ ГОСУДАРСТВЕННОЙ РЕГИСТРАЦИИ, КАДАСТРА И КАРТОГРАФИИ""",7705401340,770801001,"ОБЩЕСТВО С ОГРАНИЧЕННОЙ ОТВЕТСТВЕННОСТЬЮ ""ДЕМЕТРА""",7004007151,700401001,1,223.42,Российский рубль,Москва,Исполнение,44
https://clearspending.ru/contract/1770540134018001505,1770540134018001505,2018-02-08T00:00:00,Услуги по транспортированию и распределению воды по водопроводам,36.00.20.130,Услуги по транспортированию и распределению воды по водопроводам,-,-,-,-,34.78,м[3*],221.9,6.38,"ФЕДЕРАЛЬНОЕ ГОСУДАРСТВЕННОЕ БЮДЖЕТНОЕ УЧРЕЖДЕНИЕ ""ФЕДЕРАЛЬНАЯ КАДАСТРОВАЯ ПАЛАТА ФЕДЕРАЛЬНОЙ СЛУЖБЫ ГОСУДАРСТВЕННОЙ РЕГИСТРАЦИИ, КАДАСТРА И КАРТОГРАФИИ""",7705401340,770801001,"Муниципальное унитарное предприятие ""Теплоцентраль""",2262003901,226201001,1,221.9,Российский рубль,Москва,Исполнение,44
https://clearspending.ru/contract/1770540134018001470,1770540134018001470,2018-01-31T00:00:00,Услуги по водоотведению сточных вод,37.00.11.110,Услуги по водоотведению сточных вод,-,-,-,-,37.88,м[3*],212.89,5.62,"ФЕДЕРАЛЬНОЕ ГОСУДАРСТВЕННОЕ БЮДЖЕТНОЕ УЧРЕЖДЕНИЕ ""ФЕДЕРАЛЬНАЯ КАДАСТРОВАЯ ПАЛАТА ФЕДЕРАЛЬНОЙ СЛУЖБЫ ГОСУДАРСТВЕННОЙ РЕГИСТРАЦИИ, КАДАСТРА И КАРТОГРАФИИ""",7705401340,770801001,"ОБЩЕСТВО С ОГРАНИЧЕННОЙ ОТВЕТСТВЕННОСТЬЮ ""ВОДОКАНАЛ""",2283005096,228301001,1,212.89,Российский рубль,Москва,Исполнение,44
https://clearspending.ru/contract/1770540134018001567,1770540134018001567,2018-02-12T00:00:00,Водоснабжение,36.00.20.130,Услуги по транспортированию и распределению воды по водопроводам,-,-,-,-,51.2,м[3*],204.8,4.0,"ФЕДЕРАЛЬНОЕ ГОСУДАРСТВЕННОЕ БЮДЖЕТНОЕ УЧРЕЖДЕНИЕ ""ФЕДЕРАЛЬНАЯ КАДАСТРОВАЯ ПАЛАТА ФЕДЕРАЛЬНОЙ СЛУЖБЫ ГОСУДАРСТВЕННОЙ РЕГИСТРАЦИИ, КАДАСТРА И КАРТОГРАФИИ""",7705401340,770801001,"ОБЩЕСТВО С ОГРАНИЧЕННОЙ ОТВЕТСТВЕННОСТЬЮ ""СЕВЕРНАЯ ТЕПЛОВАЯ  КОМПАНИЯ""",7023005209,702301001,1,204.8,Российский рубль,Москва,Исполнение,44
https://clearspending.ru/contract/1770540134018001366,1770540134018001366,2018-01-31T00:00:00,Услуги по транспортированию и распределению воды по водопроводам,36.00.20.130,Услуги по транспортированию и распределению воды по водопроводам,-,-,-,-,91.14,м[3*],203.24,2.23,"ФЕДЕРАЛЬНОЕ ГОСУДАРСТВЕННОЕ БЮДЖЕТНОЕ УЧРЕЖДЕНИЕ ""ФЕДЕРАЛЬНАЯ КАДАСТРОВАЯ ПАЛАТА ФЕДЕРАЛЬНОЙ СЛУЖБЫ ГОСУДАРСТВЕННОЙ РЕГИСТРАЦИИ, КАДАСТРА И КАРТОГРАФИИ""",7705401340,770801001,"ОБЩЕСТВО С ОГРАНИЧЕННОЙ ОТВЕТСТВЕННОСТЬЮ ""ДЕМЕТРА""",7004007151,700401001,1,203.24,Российский рубль,Москва,Исполнение,44
https://clearspending.ru/contract/1770540134018001540,1770540134018001540,2018-02-12T00:00:00,Водоотведение,36.00.11.000,Вода питьевая,-,-,-,-,18.71,м[3*],83.1,4.44147,"ФЕДЕРАЛЬНОЕ ГОСУДАРСТВЕННОЕ БЮДЖЕТНОЕ УЧРЕЖДЕНИЕ ""ФЕДЕРАЛЬНАЯ КАДАСТРОВАЯ ПАЛАТА ФЕДЕРАЛЬНОЙ СЛУЖБЫ ГОСУДАРСТВЕННОЙ РЕГИСТРАЦИИ, КАДАСТРА И КАРТОГРАФИИ""",7705401340,770801001,"АКЦИОНЕРНОЕ ОБЩЕСТВО ""ОБЛКОММУНЭНЕРГО""",6671028735,665801001,1,200.25,Российский рубль,Москва,Исполнение,44
https://clearspending.ru/contract/1770540134018001540,1770540134018001540,2018-02-12T00:00:00,Водоотведение,36.00.11.000,Вода питьевая,-,-,-,-,18.71,м[3*],83.1,4.44147,"ФЕДЕРАЛЬНОЕ ГОСУДАРСТВЕННОЕ БЮДЖЕТНОЕ УЧРЕЖДЕНИЕ ""ФЕДЕРАЛЬНАЯ КАДАСТРОВАЯ ПАЛАТА ФЕДЕРАЛЬНОЙ СЛУЖБЫ ГОСУДАРСТВЕННОЙ РЕГИСТРАЦИИ, КАДАСТРА И КАРТОГРАФИИ""",7705401340,770801001,"АКЦИОНЕРНОЕ ОБЩЕСТВО ""ОБЛКОММУНЭНЕРГО""",6671028735,665801001,1,200.25,Российский рубль,Москва,Исполнение,44
https://clearspending.ru/contract/1770540134018001389,1770540134018001389,2018-01-31T00:00:00,Услуги по транспортированию и распределению воды по водопроводам,36.00.20.130,Услуги по транспортированию и распределению воды по водопроводам,-,-,-,-,33.56,м[3*],198.0,5.9,"ФЕДЕРАЛЬНОЕ ГОСУДАРСТВЕННОЕ БЮДЖЕТНОЕ УЧРЕЖДЕНИЕ ""ФЕДЕРАЛЬНАЯ КАДАСТРОВАЯ ПАЛАТА ФЕДЕРАЛЬНОЙ СЛУЖБЫ ГОСУДАРСТВЕННОЙ РЕГИСТРАЦИИ, КАДАСТРА И КАРТОГРАФИИ""",7705401340,770801001,"ОБЩЕСТВО С ОГРАНИЧЕННОЙ ОТВЕТСТВЕННОСТЬЮ ""ЭНЕРГО-РЕСУРС""",2274004787,227401001,1,198.0,Российский рубль,Москва,Исполнение,44
https://clearspending.ru/contract/1770540134018001382,1770540134018001382,2018-01-31T00:00:00,Услуги по транспортированию и распределению воды по водопроводам,36.00.20.130,Услуги по транспортированию и распределению воды по водопроводам,-,-,-,-,27.31,м[3*],196.36,7.19,"ФЕДЕРАЛЬНОЕ ГОСУДАРСТВЕННОЕ БЮДЖЕТНОЕ УЧРЕЖДЕНИЕ ""ФЕДЕРАЛЬНАЯ КАДАСТРОВАЯ ПАЛАТА ФЕДЕРАЛЬНОЙ СЛУЖБЫ ГОСУДАРСТВЕННОЙ РЕГИСТРАЦИИ, КАДАСТРА И КАРТОГРАФИИ""",7705401340,770801001,"МУНИЦИПАЛЬНОЕ ПРЕДПРИЯТИЕ ""МНОГООТРАСЛЕВОЕ ОБЪЕДИНЕНИЕ КОММУНАЛЬНОГО ХОЗЯЙСТВА""",2264000159,226401001,1,196.36,Российский рубль,Москва,Исполнение,44
https://clearspending.ru/contract/1770540134018001464,1770540134018001464,2018-01-31T00:00:00,Вода непитьевая,36.00.12.000,Вода непитьевая,-,-,-,-,188.16,усл. ед,188.16,1.0,"ФЕДЕРАЛЬНОЕ ГОСУДАРСТВЕННОЕ БЮДЖЕТНОЕ УЧРЕЖДЕНИЕ ""ФЕДЕРАЛЬНАЯ КАДАСТРОВАЯ ПАЛАТА ФЕДЕРАЛЬНОЙ СЛУЖБЫ ГОСУДАРСТВЕННОЙ РЕГИСТРАЦИИ, КАДАСТРА И КАРТОГРАФИИ""",7705401340,770801001,"МУНИЦИПАЛЬНОЕ УНИТАРНОЕ ПРЕДПРИЯТИЕ ГОРОДА ТОРОПЦА ""ВОДОКАНАЛ-СЕРВИС""",6944006317,694401001,1,188.16,Российский рубль,Москва,Исполнение,44
https://clearspending.ru/contract/1770540134018001504,1770540134018001504,2018-02-08T00:00:00,Услуги по транспортированию и распределению воды по водопроводам,36.00.20.130,Услуги по транспортированию и распределению воды по водопроводам,-,-,-,-,31.42,м[3*],181.92,5.79,"ФЕДЕРАЛЬНОЕ ГОСУДАРСТВЕННОЕ БЮДЖЕТНОЕ УЧРЕЖДЕНИЕ ""ФЕДЕРАЛЬНАЯ КАДАСТРОВАЯ ПАЛАТА ФЕДЕРАЛЬНОЙ СЛУЖБЫ ГОСУДАРСТВЕННОЙ РЕГИСТРАЦИИ, КАДАСТРА И КАРТОГРАФИИ""",7705401340,770801001,"ОБЩЕСТВО С ОГРАНИЧЕННОЙ ОТВЕТСТВЕННОСТЬЮ ""ВОДОКАНАЛ""",2283005096,228301001,1,181.92,Российский рубль,Москва,Исполнение,44
https://clearspending.ru/contract/1770540134018001533,1770540134018001533,2018-02-12T00:00:00,Услуги по транспортированию и распределению воды по водопроводам,36.00.20.130,Услуги по транспортированию и распределению воды по водопроводам,-,-,-,-,46.16,усл. ед,174.48,3.78,"ФЕДЕРАЛЬНОЕ ГОСУДАРСТВЕННОЕ БЮДЖЕТНОЕ УЧРЕЖДЕНИЕ ""ФЕДЕРАЛЬНАЯ КАДАСТРОВАЯ ПАЛАТА ФЕДЕРАЛЬНОЙ СЛУЖБЫ ГОСУДАРСТВЕННОЙ РЕГИСТРАЦИИ, КАДАСТРА И КАРТОГРАФИИ""",7705401340,770801001,"ОБЩЕСТВО С ОГРАНИЧЕННОЙ ОТВЕТСТВЕННОСТЬЮ ""АКВА-СЕРВИС""",7005007193,701701001,1,174.48,Российский рубль,Москва,Исполнение,44
https://clearspending.ru/contract/2772932460918000002,2772932460918000002,2018-02-06T00:00:00,Услуги по водоотведению сточных вод,37.00.11.110,Услуги по водоотведению сточных вод,-,-,-,-,163.68,м[3*],163.68,1.0,"ГОСУДАРСТВЕННОЕ БЮДЖЕТНОЕ УЧРЕЖДЕНИЕ КУЛЬТУРЫ ГОРОДА МОСКВЫ ""МОСКОВСКИЙ ДРАМАТИЧЕСКИЙ ТЕАТР ПОД РУКОВОДСТВОМ АРМЕНА ДЖИГАРХАНЯНА""",7729324609,773601001,"ГУП ""Мосводосток""",7705013033,774850001,1,163.68,Российский рубль,Москва,Исполнение,44
https://clearspending.ru/contract/1770540134018001355,1770540134018001355,2018-01-31T00:00:00,Водоотведение,36.00.11.000,Вода питьевая,-,-,-,-,18.03,м[3*],36.08,2.0011,"ФЕДЕРАЛЬНОЕ ГОСУДАРСТВЕННОЕ БЮДЖЕТНОЕ УЧРЕЖДЕНИЕ ""ФЕДЕРАЛЬНАЯ КАДАСТРОВАЯ ПАЛАТА ФЕДЕРАЛЬНОЙ СЛУЖБЫ ГОСУДАРСТВЕННОЙ РЕГИСТРАЦИИ, КАДАСТРА И КАРТОГРАФИИ""",7705401340,770801001,"МУНИЦИПАЛЬНОЕ УНИТАРНОЕ ПРЕДПРИЯТИЕ ТАВДИНСКОГО ГОРОДСКОГО ОКРУГА ""ТАВДИНСКИЕ ИНЖЕНЕРНЫЕ СИСТЕМЫ""",6676005900,667601001,1,157.72,Российский рубль,Москва,Исполнение,44
https://clearspending.ru/contract/1770540134018001355,1770540134018001355,2018-01-31T00:00:00,Водоотведение,36.00.11.000,Вода питьевая,-,-,-,-,18.03,м[3*],36.08,2.0011,"ФЕДЕРАЛЬНОЕ ГОСУДАРСТВЕННОЕ БЮДЖЕТНОЕ УЧРЕЖДЕНИЕ ""ФЕДЕРАЛЬНАЯ КАДАСТРОВАЯ ПАЛАТА ФЕДЕРАЛЬНОЙ СЛУЖБЫ ГОСУДАРСТВЕННОЙ РЕГИСТРАЦИИ, КАДАСТРА И КАРТОГРАФИИ""",7705401340,770801001,"МУНИЦИПАЛЬНОЕ УНИТАРНОЕ ПРЕДПРИЯТИЕ ТАВДИНСКОГО ГОРОДСКОГО ОКРУГА ""ТАВДИНСКИЕ ИНЖЕНЕРНЫЕ СИСТЕМЫ""",6676005900,667601001,1,157.72,Российский рубль,Москва,Исполнение,44
https://clearspending.ru/contract/1770540134018001355,1770540134018001355,2018-01-31T00:00:00,Водоотведение,36.00.11.000,Вода питьевая,-,-,-,-,18.03,м[3*],36.08,2.0011,"ФЕДЕРАЛЬНОЕ ГОСУДАРСТВЕННОЕ БЮДЖЕТНОЕ УЧРЕЖДЕНИЕ ""ФЕДЕРАЛЬНАЯ КАДАСТРОВАЯ ПАЛАТА ФЕДЕРАЛЬНОЙ СЛУЖБЫ ГОСУДАРСТВЕННОЙ РЕГИСТРАЦИИ, КАДАСТРА И КАРТОГРАФИИ""",7705401340,770801001,"МУНИЦИПАЛЬНОЕ УНИТАРНОЕ ПРЕДПРИЯТИЕ ТАВДИНСКОГО ГОРОДСКОГО ОКРУГА ""ТАВДИНСКИЕ ИНЖЕНЕРНЫЕ СИСТЕМЫ""",6676005900,667601001,1,157.72,Российский рубль,Москва,Исполнение,44
https://clearspending.ru/contract/1770540134018001355,1770540134018001355,2018-01-31T00:00:00,Водоотведение,36.00.11.000,Вода питьевая,-,-,-,-,18.03,м[3*],36.08,2.0011,"ФЕДЕРАЛЬНОЕ ГОСУДАРСТВЕННОЕ БЮДЖЕТНОЕ УЧРЕЖДЕНИЕ ""ФЕДЕРАЛЬНАЯ КАДАСТРОВАЯ ПАЛАТА ФЕДЕРАЛЬНОЙ СЛУЖБЫ ГОСУДАРСТВЕННОЙ РЕГИСТРАЦИИ, КАДАСТРА И КАРТОГРАФИИ""",7705401340,770801001,"МУНИЦИПАЛЬНОЕ УНИТАРНОЕ ПРЕДПРИЯТИЕ ТАВДИНСКОГО ГОРОДСКОГО ОКРУГА ""ТАВДИНСКИЕ ИНЖЕНЕРНЫЕ СИСТЕМЫ""",6676005900,667601001,1,157.72,Российский рубль,Москва,Исполнение,44
https://clearspending.ru/contract/1770540134018001428,1770540134018001428,2018-01-30T00:00:00,Вода непитьевая,36.00.12.000,Вода непитьевая,-,-,-,-,156.05,усл. ед,156.05,1.0,"ФЕДЕРАЛЬНОЕ ГОСУДАРСТВЕННОЕ БЮДЖЕТНОЕ УЧРЕЖДЕНИЕ ""ФЕДЕРАЛЬНАЯ КАДАСТРОВАЯ ПАЛАТА ФЕДЕРАЛЬНОЙ СЛУЖБЫ ГОСУДАРСТВЕННОЙ РЕГИСТРАЦИИ, КАДАСТРА И КАРТОГРАФИИ""",7705401340,770801001,"ОБЩЕСТВО С ОГРАНИЧЕННОЙ ОТВЕТСТВЕННОСТЬЮ ""УПРАВЛЯЮЩАЯ КОМПАНИЯ АЛЬЯНС""",6938002515,693801001,1,156.05,Российский рубль,Москва,Исполнение,44
https://clearspending.ru/contract/1770540134018001342,1770540134018001342,2018-01-29T00:00:00,Услуги по транспортированию и распределению воды по водопроводам,36.00.20.130,Услуги по транспортированию и распределению воды по водопроводам,-,-,-,-,81.16,м[3*],142.84,1.76,"ФЕДЕРАЛЬНОЕ ГОСУДАРСТВЕННОЕ БЮДЖЕТНОЕ УЧРЕЖДЕНИЕ ""ФЕДЕРАЛЬНАЯ КАДАСТРОВАЯ ПАЛАТА ФЕДЕРАЛЬНОЙ СЛУЖБЫ ГОСУДАРСТВЕННОЙ РЕГИСТРАЦИИ, КАДАСТРА И КАРТОГРАФИИ""",7705401340,770801001,"АКЦИОНЕРНОЕ ОБЩЕСТВО ""ОМСКОБЛВОДОПРОВОД""",5528022202,552801001,1,142.84,Российский рубль,Москва,Исполнение,44
https://clearspending.ru/contract/1770540134018001344,1770540134018001344,2018-01-29T00:00:00,Услуги по транспортированию и распределению воды по водопроводам,36.00.20.130,Услуги по транспортированию и распределению воды по водопроводам,-,-,-,-,81.16,м[3*],142.84,1.76,"ФЕДЕРАЛЬНОЕ ГОСУДАРСТВЕННОЕ БЮДЖЕТНОЕ УЧРЕЖДЕНИЕ ""ФЕДЕРАЛЬНАЯ КАДАСТРОВАЯ ПАЛАТА ФЕДЕРАЛЬНОЙ СЛУЖБЫ ГОСУДАРСТВЕННОЙ РЕГИСТРАЦИИ, КАДАСТРА И КАРТОГРАФИИ""",7705401340,770801001,"АКЦИОНЕРНОЕ ОБЩЕСТВО ""ОМСКОБЛВОДОПРОВОД""",5528022202,552801001,1,142.84,Российский рубль,Москва,Исполнение,44
https://clearspending.ru/contract/1770540134018001341,1770540134018001341,2018-01-29T00:00:00,Услуги по транспортированию и распределению воды по водопроводам,36.00.20.130,Услуги по транспортированию и распределению воды по водопроводам,-,-,-,-,81.16,м[3*],142.84,1.76,"ФЕДЕРАЛЬНОЕ ГОСУДАРСТВЕННОЕ БЮДЖЕТНОЕ УЧРЕЖДЕНИЕ ""ФЕДЕРАЛЬНАЯ КАДАСТРОВАЯ ПАЛАТА ФЕДЕРАЛЬНОЙ СЛУЖБЫ ГОСУДАРСТВЕННОЙ РЕГИСТРАЦИИ, КАДАСТРА И КАРТОГРАФИИ""",7705401340,770801001,"АКЦИОНЕРНОЕ ОБЩЕСТВО ""ОМСКОБЛВОДОПРОВОД""",5528022202,552801001,1,142.84,Российский рубль,Москва,Исполнение,44
https://clearspending.ru/contract/1770540134018001318,1770540134018001318,2018-01-30T00:00:00,Вода непитьевая,36.00.12.000,Вода непитьевая,-,-,-,-,141.69,усл. ед,141.69,1.0,"ФЕДЕРАЛЬНОЕ ГОСУДАРСТВЕННОЕ БЮДЖЕТНОЕ УЧРЕЖДЕНИЕ ""ФЕДЕРАЛЬНАЯ КАДАСТРОВАЯ ПАЛАТА ФЕДЕРАЛЬНОЙ СЛУЖБЫ ГОСУДАРСТВЕННОЙ РЕГИСТРАЦИИ, КАДАСТРА И КАРТОГРАФИИ""",7705401340,770801001,"ОЛЕНИНСКОЕ МУНИЦИПАЛЬНОЕ УНИТАРНОЕ ПРЕДПРИЯТИЕ ""ЖИЛИЩНО-ЭКСПЛУАТАЦИОННЫЙ УЧАСТОК №1""",6934004511,693401001,1,141.69,Российский рубль,Москва,Исполнение,44
https://clearspending.ru/contract/2772765679018000064,2772765679018000064,2018-02-01T00:00:00,Услуги по водоотведению сточных вод,37.00.11.110,Услуги по водоотведению сточных вод,-,-,-,-,12.99,м[3*],135.85,10.46,"ГОСУДАРСТВЕННОЕ БЮДЖЕТНОЕ УЧРЕЖДЕНИЕ ГОРОДА МОСКВЫ ""АВТОМОБИЛЬНЫЕ ДОРОГИ""",7727656790,771401001,"ГУП ""Мосводосток""",7705013033,774850001,1,135.85,Российский рубль,Москва,Исполнение,44
https://clearspending.ru/contract/2770203815018000291,2770203815018000291,2018-02-12T00:00:00,Услуги по сдаче в аренду (внаем) собственных или арендованных нежилых помещений,68.20.12.000,Услуги по сдаче в аренду (внаем) собственных или арендованных нежилых помещений,-,-,-,-,130.79,усл. ед,130.79,1.0,"ГОСУДАРСТВЕННОЕ УНИТАРНОЕ ПРЕДПРИЯТИЕ ГОРОДА МОСКВЫ ""МОСКОВСКИЙ ОРДЕНА ЛЕНИНА И ОРДЕНА ТРУДОВОГО КРАСНОГО ЗНАМЕНИ МЕТРОПОЛИТЕН ИМЕНИ В.И.ЛЕНИНА""",7702038150,770201001,Департамент городского имущества города Москвы,7705031674,770301001,1,130.79,Российский рубль,Москва,Исполнение,44
https://clearspending.ru/contract/1771056632218000002,1771056632218000002,2018-01-30T00:00:00,Услуги междугородной и международной телефонной связи,61.10.11.120,Услуги по предоставлению местных соединений,-,-,-,-,125.0,шт,125.0,1.0,"ГЛАВНОЕ УПРАВЛЕНИЕ МИНИСТЕРСТВА РОССИЙСКОЙ ФЕДЕРАЦИИ ПО ДЕЛАМ ГРАЖДАНСКОЙ ОБОРОНЫ, ЧРЕЗВЫЧАЙНЫМ СИТУАЦИЯМ И ЛИКВИДАЦИИ ПОСЛЕДСТВИЙ СТИХИЙНЫХ БЕДСТВИЙ ПО Г. МОСКВЕ",7710566322,770401001,"ОБЩЕСТВО С ОГРАНИЧЕННОЙ ОТВЕТСТВЕННОСТЬЮ ""ГАЗПРОМ ТЕЛЕКОМ""",7728840569,772801001,1,125.0,Российский рубль,Москва,Исполнение,44
https://clearspending.ru/contract/1770540134018001506,1770540134018001506,2018-02-08T00:00:00,Услуги по транспортированию и распределению воды по водопроводам,36.00.20.130,Услуги по транспортированию и распределению воды по водопроводам,-,-,-,-,22.32,м[3*],124.99,5.6,"ФЕДЕРАЛЬНОЕ ГОСУДАРСТВЕННОЕ БЮДЖЕТНОЕ УЧРЕЖДЕНИЕ ""ФЕДЕРАЛЬНАЯ КАДАСТРОВАЯ ПАЛАТА ФЕДЕРАЛЬНОЙ СЛУЖБЫ ГОСУДАРСТВЕННОЙ РЕГИСТРАЦИИ, КАДАСТРА И КАРТОГРАФИИ""",7705401340,770801001,"ОБЩЕСТВО С ОГРАНИЧЕННОЙ ОТВЕТСТВЕННОСТЬЮ ""ЧАРЫШСКОЕ МЕЖМУНИЦИПАЛЬНОЕ ВОДОСНАБЖАЮЩЕЕ ПРЕДПРИЯТИЕ""",2288003085,228801001,1,124.99,Российский рубль,Москва,Исполнение,44
https://clearspending.ru/contract/2772802510918000016,2772802510918000016,2018-02-05T00:00:00,Услуги по водоотведению сточных вод,37.00.11.110,Услуги по водоотведению сточных вод,-,-,-,-,119.76,м[3*],119.76,1.0,"ГОСУДАРСТВЕННОЕ БЮДЖЕТНОЕ УЧРЕЖДЕНИЕ ЗДРАВООХРАНЕНИЯ ГОРОДА МОСКВЫ ""ДИАГНОСТИЧЕСКИЙ КЛИНИЧЕСКИЙ ЦЕНТР № 1 ДЕПАРТАМЕНТА ЗДРАВООХРАНЕНИЯ ГОРОДА МОСКВЫ""",7728025109,772801001,"ГУП ""МОСВОДОСТОК""",7705013033,770501001,1,119.76,Российский рубль,Москва,Исполнение,44
https://clearspending.ru/contract/1770540134018001559,1770540134018001559,2018-02-14T00:00:00,водоснабжение,36.00.11.000,Вода питьевая,-,-,-,-,114.02,усл. ед,114.02,1.0,"ФЕДЕРАЛЬНОЕ ГОСУДАРСТВЕННОЕ БЮДЖЕТНОЕ УЧРЕЖДЕНИЕ ""ФЕДЕРАЛЬНАЯ КАДАСТРОВАЯ ПАЛАТА ФЕДЕРАЛЬНОЙ СЛУЖБЫ ГОСУДАРСТВЕННОЙ РЕГИСТРАЦИИ, КАДАСТРА И КАРТОГРАФИИ""",7705401340,770801001,"ОБЩЕСТВО С ОГРАНИЧЕННОЙ ОТВЕТСТВЕННОСТЬЮ ""СТОКСЕРВИС""",7457000549,745701001,1,114.02,Российский рубль,Москва,Исполнение,44
https://clearspending.ru/contract/1770133010518000508,1770133010518000508,2018-02-06T00:00:00,Услуги по дополнительному профессиональному образованию прочие,85.42.19.000,Услуги по дополнительному профессиональному образованию прочие,-,-,-,-,0.16,чел,18.4,115.0,"ФЕДЕРАЛЬНОЕ ГОСУДАРСТВЕННОЕ ПРЕДПРИЯТИЕ ""ВЕДОМСТВЕННАЯ ОХРАНА ЖЕЛЕЗНОДОРОЖНОГО ТРАНСПОРТА РОССИЙСКОЙ ФЕДЕРАЦИИ""",7701330105,770901001,"ЧАСТНОЕ ОБРАЗОВАТЕЛЬНОЕ УЧРЕЖДЕНИЕ ДОПОЛНИТЕЛЬНОГО ПРОФЕССИОНАЛЬНОГО ОБРАЗОВАНИЯ ""ПРОФЕССИОНАЛ""",2315166356,231501001,1,100.0,Российский рубль,Москва,Исполнение,44
https://clearspending.ru/contract/1770133010518000508,1770133010518000508,2018-02-06T00:00:00,Услуги по дополнительному профессиональному образованию прочие,85.42.19.000,Услуги по дополнительному профессиональному образованию прочие,-,-,-,-,0.16,чел,18.4,115.0,"ФЕДЕРАЛЬНОЕ ГОСУДАРСТВЕННОЕ ПРЕДПРИЯТИЕ ""ВЕДОМСТВЕННАЯ ОХРАНА ЖЕЛЕЗНОДОРОЖНОГО ТРАНСПОРТА РОССИЙСКОЙ ФЕДЕРАЦИИ""",7701330105,770901001,"ЧАСТНОЕ ОБРАЗОВАТЕЛЬНОЕ УЧРЕЖДЕНИЕ ДОПОЛНИТЕЛЬНОГО ПРОФЕССИОНАЛЬНОГО ОБРАЗОВАНИЯ ""ПРОФЕССИОНАЛ""",2315166356,231501001,1,100.0,Российский рубль,Москва,Исполнение,44
https://clearspending.ru/contract/1770540134018001561,1770540134018001561,2018-02-14T00:00:00,Услуги по водоотведению сточных вод,37.00.11.110,Услуги по водоотведению сточных вод,-,-,-,-,67.66,усл. ед,67.66,1.0,"ФЕДЕРАЛЬНОЕ ГОСУДАРСТВЕННОЕ БЮДЖЕТНОЕ УЧРЕЖДЕНИЕ ""ФЕДЕРАЛЬНАЯ КАДАСТРОВАЯ ПАЛАТА ФЕДЕРАЛЬНОЙ СЛУЖБЫ ГОСУДАРСТВЕННОЙ РЕГИСТРАЦИИ, КАДАСТРА И КАРТОГРАФИИ""",7705401340,770801001,"ОБЩЕСТВО С ОГРАНИЧЕННОЙ ОТВЕТСТВЕННОСТЬЮ ""ГОРОДСКОЙ ОЧИСТНОЙ КОМПЛЕКС""",7419005017,741901001,1,67.66,Российский рубль,Москва,Исполнение,44
https://clearspending.ru/contract/2770203815018000290,2770203815018000290,2018-02-12T00:00:00,Услуги по сдаче в аренду (внаем) собственных или арендованных нежилых помещений,68.20.12.000,Услуги по сдаче в аренду (внаем) собственных или арендованных нежилых помещений,-,-,-,-,48.8,усл. ед,48.8,1.0,"ГОСУДАРСТВЕННОЕ УНИТАРНОЕ ПРЕДПРИЯТИЕ ГОРОДА МОСКВЫ ""МОСКОВСКИЙ ОРДЕНА ЛЕНИНА И ОРДЕНА ТРУДОВОГО КРАСНОГО ЗНАМЕНИ МЕТРОПОЛИТЕН ИМЕНИ В.И.ЛЕНИНА""",7702038150,770201001,Департамент городского имущества города Москвы,7705031674,770301001,1,48.8,Российский рубль,Москва,Исполнение,44
